ID,houseLoc,longitude,latitude,unitPrice,housePrice,houseArea,houseBedroom,houseRoom,houseOrientation,houseAge
1,黄埔科学城开达路保利罗兰国际,113.48449052813616,23.17498563558565,37849,330,87.19,3,6,南,6
2,番禺万博兴南大道368号万科欧泊,113.35085960567933,23.01311648477927,39220,370,94.34,3,7,南北,8
3,番禺万博南村镇锦绣路138号锦绣香江山水华府(二期),113.3366546097344,22.99551170192306,40943,370,90.37,3,6,北,15
4,番禺万博迎宾大道广地花园,113.33187013605165,23.02204238396742,24720,220,89,3,7,南北,9
5,番禺南村镇南村东线路160号时代倾城(番禺),113.39397434298989,23.00095031755631,24293,230,94.68,3,6,南北,9
6,番禺金山谷兴学路保利悦公馆,113.34367108472446,22.978604363793238,33334,300,90,3,7,南北,3
7,番禺石楼东金枫路智联汽车小镇,113.50087967264562,23.02150020489257,21787,210,96.39,3,7,南,6
8,番禺石楼连海路凯德山海连城,113.50502592303754,23.021449463044657,17392,160,92,3,7,南北,5
9,海珠东晓南锦丽街18-102号锦丽居,113.28551869981695,23.074570928970587,40000,448,112,3,7,东南,22
10,海珠昌岗宝岗大道928号翠城花园,113.26563944484643,23.085747650174746,51429,468,91,3,6,南北,18
11,白云金沙洲金沙洲路中粮万科金域蓝湾,113.20663751405166,23.159491168140708,32872,280,85.18,3,6,东,13
12,天河沙河广州大道中1432号中强雅苑,113.30883669227845,23.153087493429204,42554,410,96.35,3,6,东南,17
13,花都镜湖大道镜湖大道18号豪利花园,113.24504039687866,23.36320798875848,17042,168,98.58,3,6,南,14
14,白云金沙洲浔峰山东路御金沙,113.19851612655391,23.168071349992296,35583,395,111.01,3,7,南,7
15,越秀东湖大沙头三马路东山水恋,113.27951231564985,23.119393913802078,83125,798,96,3,7,南北,19
16,番禺南村镇南村大道越秀星汇文玺,113.39528575660307,23.042575720050703,35991,340,94.47,3,7,南北,5
17,增城永和新新大道中合景花漫里,113.59418973576767,23.197327721078267,9425,81,85.95,3,6,南北,9
18,黄埔萝岗水西路星樾山畔,113.47532603073694,23.196269176148878,33260,300,90.2,3,7,南,3
19,番禺大石沿江东路22号华筑翡翠湾,113.30688069232394,23.03267463844143,29708,310,104.35,3,7,南北,9
20,黄埔文冲广新路31号万科城市之光,113.45817126793305,23.10265642741714,26380,230,87.19,3,7,南,4
21,越秀西门口朝天路朝天路大院,113.25524264855,23.127453250727537,35811,265,74,3,6,南北,24
22,海珠滨江东东晓路195号明珠花园,113.27978179716433,23.104556515656125,40614,429,105.63,3,6,西北,29
23,越秀北京路宜安里1号宜安里,113.26063253947073,23.120114241958067,41895,398,95,3,8,南北,9
24,白云南湖同和路688号一品湖山,113.32604237865431,23.215373218688743,32172,310,96.36,4,7,南北,13
25,天河龙口西龙口西路551号穗园小区,113.33292904193578,23.147498134502086,59307,599,101,3,7,东南,24
26,白云同和蟹石路荣升珑樾,113.32001753565183,23.19755479036892,47261,395,83.58,3,6,南北,2
27,越秀东川东蟠龙里东蟠龙里小区,113.27535335236458,23.128615591834983,39067,293,75,3,6,南北,24
28,番禺南站石北工业路品秀星瀚,113.26505619402735,23.015279337386428,27849,240,86.18,3,6,南北,4
29,白云广花夏茅向西工业大街首开保利云湖壹号,113.24484610216038,23.22958270447891,29893,280,93.67,3,7,东南,3
30,荔湾长寿路和平西路和平西路小区,113.2392067957289,23.1139906072473,24737,235,95,3,8,南北,12
31,天河岗顶黄埔大道西321号德埔小区,113.32958806740952,23.130011997298112,59477,520,87.43,3,6,南,10
32,花都新区迎宾大道105号大运家园,113.23235753186157,23.404189842098592,16249,160,98.47,3,6,南,16
33,番禺石楼连海路凯德山海连城(二期),113.50517883743456,23.019305385571464,19566,180,92,3,7,南北,3
34,番禺汉溪长隆汉溪大道南国奥林匹克花园,113.32950833218403,23.004049933024223,27820,370,133,3,7,东西,21
35,白云同和同宝路段163号星汇云城,113.2656807763558,23.19602782299617,43488,401,92.21,4,7,南北,7
36,天河岗顶中山大道西18号明轩大厦,113.33878208067443,23.13839660500245,50949,360,70.66,2,4,西北,20
37,天河岗顶石牌东路133号阳光都会广场,113.33811865045776,23.131556552346073,61725,716,116,3,7,东南,19
38,天河岗顶石牌西横街6-2号东园小区,113.33148399010196,23.13387863733428,48914,315,64.4,2,5,南,24
39,天河棠下中山大道190号骏景花园,113.37948092648251,23.125289538625704,49744,388,78,2,5,西,24
40,番禺番禺节能科技园番禺大道领秀公馆,113.36499499369347,22.97844665330434,10417,50,48,3,7,东南,8
41,花都镜湖大道迎宾大道3号合和新城,113.25114631992382,23.375409543047514,15813,146,92.33,3,7,南,8
42,荔湾陈家祠康王北路1073号万科金色康苑,113.24176401758139,23.132877239756613,56372,480,85.15,3,6,北,25
43,番禺亚运城亚运大道亚运城天逸,113.46718176757933,22.948447505217935,20362,231,113.45,3,7,南北,2
44,南沙蕉门市南大道星河东悦湾,113.52660183810875,22.813504499670582,27021,240,88.82,3,7,南北,3
45,越秀西门口净慧路杨氏巷大院,113.25067253661858,23.130800491414167,30000,225,75,3,7,南北,24
46,番禺金山谷东艺路26号招商金山谷领仕,113.33901253751216,22.972564267940058,36239,400,110.38,3,7,南,13
47,增城新塘环城路品秀星图,113.63353511956258,23.138368122394294,19437,169,86.95,3,7,南,4
48,天河龙口东天河北路577-581号协和新世界,113.33233740536231,23.14446645613095,91589,980,107,3,7,南,18
49,白云金沙洲彩滨北路保利西海岸星海花园,113.20648503632019,23.170289592012708,28770,278,96.63,3,7,东南,8
50,南沙黄阁黄阁南路中国铁建海语熙岸,113.51346355538966,22.79105126734593,27698,385,139,4,8,南北,4
51,海珠滨江东环月街2号滨江怡苑芭堤水岸,113.30782121286586,23.105537192882274,59575,560,94,2,5,南北,18
52,增城石滩增滩路敏捷绿湖国际城,113.78346885393536,23.203919411271777,7499,63,84.02,3,6,南,7
53,天河天河北龙口中路150号御华苑,113.33366186894567,23.142115814104223,50610,565,111.64,3,7,南,21
54,越秀东川较场西路13号较场西路13号大院,113.27775976396293,23.12568534997347,51803,388,74.9,2,5,东北,11
55,越秀西门口杏花巷47号杏花巷社区,113.25286426907385,23.12505291766169,26389,190,72,3,7,南北,19
56,白云金沙洲彩滨北路保利西海岸江岸花园,113.20286017025303,23.17357777273277,26969,260,96.41,3,7,南,9
57,广州周边佛山桂澜北路28号万达广场,113.1517276037653,23.0659643761053,7749,38,49.04,2,4,南,7
58,花都镜湖大道镜湖大道2号云峰花园,113.24040222450402,23.38141944996599,15532,127,81.77,3,6,南,8
59,白云三元里解放北路1000号金桂园,113.258346021822,23.154163817497565,33750,378,112,3,7,南北,26
60,海珠南洲盈丰路万华花园,113.29512126488711,23.07290791722282,37078,370,99.79,3,6,东北,18
61,广州周边佛山灯湖西路20号保利水城西街,113.14105082335614,23.063157874872747,9413,45,47.81,2,6,南,7
62,番禺市桥禺山西路335号大华紫悦府,113.32992382896916,22.938744669281387,27344,318,116.3,4,8,南北,2
63,海珠东晓南东晓南路合生颐景华苑,113.29041247467997,23.073273097959625,40400,360,89.11,3,6,东北,14
64,海珠工业大道南镜湖西街28号保利花园(海珠),113.26846138862048,23.073806227076346,39394,390,99,3,6,北,17
65,番禺祈福名家二街10号祈福缤纷汇,113.32667769036357,22.972076000091242,28434,266,93.55,3,7,南北,8
66,番禺汉溪长隆市广路长隆珑翠,113.3276849917776,23.0049280050659,36399,500,137.37,3,7,南,9
67,番禺大石朝阳东路423-425号锦绣银湾,113.32110852119902,23.030748762942135,23077,300,130,3,7,南北,9
68,增城永和新新大道中合景誉山国际,113.58962504628522,23.192613121924104,10723,95,88.6,3,6,南北,8
69,番禺市桥捷进路骏宝楼,113.3455471627048,22.95009027229174,5556,50,90,2,4,南,9
70,番禺亚运城亚运大道亚运城天成,113.46968156713015,22.948521707674075,23807,215,90.31,3,6,东南,4
71,天河天河北天河北路571号芳草园小区,113.3318842326569,23.14542091058513,69492,820,118,3,5,南,15
72,番禺万博兴南大道368号番禺万达广场,113.34379259553593,23.009545662345502,16130,50,31,3,7,东南,8
73,从化街口中心区灌村路碧桂园碧御花园,113.62625895191438,23.570395195968064,8015,72.5,90.46,3,6,南,9
74,番禺亚运城乐羊羊路177号亚运城天珑,113.49371374658138,22.949490213196043,21476,220,102.44,3,7,东南,4
75,白云黄石石槎路1332号金碧新城,113.23742447548749,23.20556772948001,27771,199,71.66,2,5,东北,19
76,荔湾陈家祠光复北路光复北路小区,113.247838129248,23.127808779902654,27182,190,69.9,2,5,南北,24
77,荔湾站前路站前横路22号站前横路大院,113.24600977946173,23.14714211655622,22223,180,81,3,7,南北,24
78,荔湾广钢新城鹤洞路保利葛洲坝海德公馆,113.23706449084119,23.070976033725064,50135,485,96.74,3,7,西南,10
79,荔湾芳村百花路58号远东御江豪庭,113.22035673722219,23.096701619339328,30862,360,116.65,3,7,南,9
80,越秀北京路越华路越华路小区,113.26447174164622,23.13159386673303,41023,350,85.32,3,5,西南,26
81,黄埔知识城美满街12号万科幸福誉,113.535096296279,23.333758801774138,21601,210,97.22,3,7,西,8
82,越秀农讲所德政中路清水濠小区,113.26925221231113,23.12332431542093,35606,478,134.25,5,10,东南,32
83,番禺新造曾边大街思科智慧城12光年,113.4087346027392,23.034440409571516,35068,395,112.64,4,8,南北,4
84,番禺洛溪环岛北路8号南天名苑,113.27777258402918,23.05401630566757,70361,2150,305.57,5,11,南北,9
85,番禺亚运城乐羊羊路55号亚运城天峯,113.4860020249418,22.949297454354525,22776,203,89.13,3,6,南北,3
86,南沙黄阁市南大道时代天逸,113.51395652899681,22.82912847693087,23065,205,88.88,3,7,南,4
87,增城新塘花园东路6号新塘新世界花园,113.56612186472705,23.110812351923812,12422,115,92.58,3,6,南,9
88,"番禺万博万博二路,近兴南大道金地壹粤府",113.34286475841874,23.01377687687131,63828,1175,184.09,4,8,南北,6
89,黄埔科学城广汕路雅居乐富春山居,113.42504179407169,23.187450089426783,34702,465,134,3,7,南,4
90,海珠宝岗南田路南田路小区,113.25852790976548,23.100923216272474,34216,168,49.1,3,7,南北,24
91,花都新区花都大道中131号雅宝新城,113.17923185821158,23.43283542037717,13730,128,93.23,3,7,南,11
92,天河天河智慧城华旭街万科云城米酷,113.32559674527344,23.13969028864387,19180,50,26.07,2,5,南北,9
93,越秀小北小北路202号仁安新街大院,113.26726158023412,23.13942371937116,49550,528,106.56,3,7,南北,21
94,海珠滨江东东晓路70-82号滨江花园,113.27942385766245,23.107239438301693,29346,220,74.97,3,6,南北,25
95,黄埔永和开发区长岭路万科山景城,113.5193971358664,23.213750465776315,27408,230,83.92,3,6,东南,9
96,南沙黄阁锦上西街1号南沙十里方圆,113.49790916797518,22.816872303990184,21720,193,88.86,3,7,南北,2
97,越秀北京路解放中路解放中路小区,113.25706020996189,23.125288062919317,35913,175,48.73,3,5,南北,25
98,海珠东晓南文华街64号晓港湾,113.28864544406527,23.07236310151742,29453,215,73,3,6,南北,24
99,越秀盘福盘福路69号双井街社区,113.25407450681763,23.140825137720263,39233,368,93.8,3,5,南北,30
100,增城永和新新五路2号金地公园上城,113.59017163287989,23.225060816492,8014,75,93.59,3,6,南,9
101,番禺汉溪长隆汉兴东路63号保利红馆,113.33017888700994,22.997447354178064,37516,328,87.43,3,6,南北,5
102,白云同和富和路27号富和花园,113.32261785460753,23.197101215903256,36584,245,66.97,2,4,南,24
103,南沙黄阁悦珀大街10号南沙凤鸣山,113.56175109001707,22.802168214689008,18073,178,98.49,4,8,南北,3
104,天河科韵路建华路21-49号穗茵园,113.36738952612325,23.12394425186789,33261,228,68.55,3,6,南北,25
105,增城永和永宁街誉山国际天誉,113.58962504628522,23.192613121924104,11000,110,100,3,7,南,3
106,番禺番禺节能科技园番禺大道北822号信业悦都荟,113.35929218426364,22.976104926694628,13842,65,46.96,3,7,南北,5
107,白云黄庄黄庄南路38号万科蓝山,113.3369212343995,23.236255818148127,26034,315,121,4,8,南,17
108,白云同和蟾蜍石北路37号时代花生(白云),113.2788911164056,23.121482949471496,41792,350,83.75,3,5,南,10
109,越秀淘金淘金街11-27号淘金街11-27号小区,113.28162966441586,23.143214540907824,45600,400,87.72,3,6,南北,28
110,荔湾荔湾路荔湾路92号荔92号宿舍,113.23950395968328,23.132309943425795,26866,180,67,3,6,南北,24
111,天河粤垦燕都路24-30号侨明苑,113.32411830526942,23.161550683429876,31063,238,76.62,4,6,东北,24
112,海珠滨江东东晓路自由心岸,113.2793573902891,23.10786191478363,47399,410,86.5,2,5,南北,19
113,海珠工业大道南东晓南路1524号滨江瑞城,113.29047648508985,23.071257802114758,35258,303,85.94,2,5,南,15
114,荔湾陈家祠小梅大街小梅大街大院,113.24059678092546,23.13380878742393,28246,178,63.02,3,7,东南,24
115,荔湾荔湾路荔湾路银建小区,113.23753409007122,23.133765699177967,30000,165,55,2,5,南北,24
116,白云罗冲围增槎路富力桃园,113.22776999189809,23.151761088466046,34189,408,119.34,3,7,南北,19
117,番禺南浦沿沙东路63号丽江花园如英居,113.2943099923451,23.03827761724389,33917,320,94.35,3,6,西南,9
118,花都镜湖大道广花路自由人花园,113.21941660802788,23.34674221680707,15695,167,106.41,4,8,南,9
119,番禺万博梓桐路越秀和樾府,113.33526759229247,23.005784648711803,47862,630,131.63,4,8,南,5
120,增城永和永宁大道28号时代廊桥(增城),113.61224410647888,23.19445580623688,11907,110,92.39,3,7,南,7
121,海珠东晓南盈丰路英豪花园,113.29400441437821,23.071009535796616,42548,318,74.74,2,5,南,9
122,增城朱村朱村大道东时代名著,113.74012367784735,23.281091672575904,16289,132,81.04,3,7,南,7
123,从化街口中心区105国道珠光御景山水城,113.6109705337932,23.58986652481471,7539,68,90.2,3,6,北,8
124,天河沙太南瑞和街22号五仙花园,113.31490491307304,23.16961347309497,39581,385,97.27,3,6,南,22
125,天河员村员村四横路百合苑(B区),113.36627955172308,23.12015411718823,41053,390,95,3,7,南北,26
126,海珠东晓南东晓南路5号爱都铭轩,113.29336500676862,23.06922205238987,42736,425,99.45,3,7,南北,16
127,越秀公园前解放中路402-454号文星阁,113.25734803414981,23.12614178351865,59755,668,111.79,3,7,西南,14
128,天河天河公园中山大道西158号东方新世界熹园,113.35267814846277,23.13194605615659,111185,1350,121.42,3,7,南北,10
129,花都镜湖大道凤凰北路8号锦尚蓬莱,113.23118147698412,23.39332259944295,19948,214,107.28,3,7,南,17
130,白云京溪云景路32号云景花园云桂苑,113.32403201950072,23.187458036831806,41905,345,82.33,2,4,南,20
131,从化街口中心区从化大道南153号上城湾畔,113.5832405609114,23.531352696135617,15015,139.8,93.11,3,6,南北,14
132,番禺星河湾沿江东路星河湾三期(荟心园),113.33435828909711,23.029227756233187,29551,437,147.88,3,7,南北,23
133,番禺华南碧桂园迎宾路华南碧桂园翠山蓝天,113.34911599397822,23.005381578793294,38184,365,95.59,2,5,南北,16
134,越秀北京路北京路金润铂宫,113.2647839801005,23.125489737798375,25495,156,61.19,2,6,南北,9
135,海珠工业大道南东街中海观澜府,113.25596726973407,23.095289577902168,52116,478,91.72,3,7,南,7
136,海珠广州大道南叠景路叠彩园,113.3054578075718,23.088822518863665,40484,325,80.28,2,5,北,18
137,海珠江南西宝岗大道可逸名庭,113.26041692625807,23.099530802474415,43878,430,98,3,6,南北,25
138,荔湾陈家祠人民北路745-775号金门大厦,113.24905077201088,23.130745142685146,33999,288,84.71,2,5,南北,9
139,"黄埔萝岗开泰大道,近科丰路大壮名城",113.4575427283464,23.16660473181666,38512,354,91.92,3,7,南,3
140,越秀共和路共和大街共和村,113.3008642463407,23.126358669055918,45542,380,83.44,3,6,南北,38
141,荔湾黄沙誉江路16号珠光御景壹号(公寓),113.22724477770124,23.115154362488116,43750,420,96,4,8,南,9
142,番禺华南碧桂园兴业大道华南碧桂园翠云山(别墅),113.37215350270729,23.004202908966008,45099,1150,255,6,13,南北,16
143,增城中新镇风光路金科景业瀚景园,113.63960861474585,23.28087764206598,11741,116,98.8,4,8,南北,3
144,荔湾桥中坦尾南路27号万科柏悦湾,113.218260599492,23.12124798635692,36650,350,95.5,3,6,北,13
145,海珠滨江东滨江东路318号高雅湾,113.29296532226105,23.105105082036292,80629,1088,134.94,3,7,南,9
146,番禺市桥迎星西路133号星誉花园,113.35356640291961,22.965293350917616,35547,340,95.65,3,7,西南,9
147,天河岗顶石牌西路海关石牌宿舍,113.33138503642064,23.131513142197303,53401,380,71.16,2,5,南,29
148,增城新塘新沙大道北30号锦绣天伦花园,113.63386607085333,23.12926906631763,11751,95,80.85,2,5,北,9
149,番禺星河湾沿江东路星河湾一期(畅心园),113.32647692200266,23.031014981807264,31607,305,96.5,2,6,东北,23
150,天河岗顶天河路中山三院,113.33574508255879,23.136802953645617,49678,308,62,2,4,西北,30
151,海珠工业大道南工业大道南804号第三金碧花园,113.28315628767339,23.067942029181598,41875,335,80,2,5,北,17
152,花都花东金谷北路富力金港城(东区),113.35686524724638,23.460299517692317,10318,100,96.92,3,6,南,14
153,增城新塘汇太中路亚太银座(二期),113.60225700831896,23.131897110140034,14034,178,126.84,3,8,南北,15
154,白云京溪京溪路君华香柏广场(白云),113.31929920210231,23.18592690676851,46553,420,90.22,3,6,西北,14
155,增城永和永宁大道保利i立方,113.61357195347603,23.19241886563331,12899,123,95.36,4,8,南北,8
156,番禺华南新城兴南大道163号珠江铂世湾,113.34307765528244,23.0091822368303,36621,348,95.03,3,7,南北,3
157,花都镜湖大道凤凰南路阳光城兰园翡丽湾,113.1953183011555,23.369755055054373,15357,162,105.49,3,7,南,6
158,黄埔萝岗香雪大道新福港鼎峰,113.48169126013896,23.18155926812648,46250,418,90.38,3,6,南北,8
159,越秀解放北朱紫街朱紫街小区,113.25562095891704,23.138999794818897,48392,355,73.36,3,7,南北,31
160,天河珠吉东圃岐山183号珠江花城,113.43612179829844,23.13245264952391,49762,418,84,3,6,南,8
161,海珠滨江东万寿路佳滨苑,113.27825603662278,23.105224440485113,66099,620,93.8,3,6,西,8
162,番禺大石南大路天骄时代,113.31868125325698,23.019035435117722,12500,50,40,2,5,南北,5
163,天河沙太南瑞兴街时代花生(天河),113.30842678017899,23.168977698561516,42380,228,53.8,2,5,南,16
164,白云梅花园怡新路恒大御府,113.32281432944932,23.178935876023047,58159,530,91.13,3,5,西,6
165,天河岗顶黄埔大道西601号暨南大学羊城苑,113.33924726400218,23.136707253410652,58824,378,64.26,2,4,南北,34
166,越秀东川东川路东川路小区,113.28105589820795,23.125921842216822,53522,380,71,3,6,南北,31
167,天河珠江新城西花城大道2-12号名门大厦,113.31050933814718,23.12167596035165,48276,420,87,2,4,北,19
168,天河天河公园东方一路24号华港花园,113.35172786819064,23.135288592964336,65832,599,90.99,3,6,东南,20
169,黄埔香雪开泰大道万科东荟城,113.45863676207746,23.16547975006628,28746,278,96.71,3,7,南北,9
170,增城荔城府前路1号中坚豪庭,113.82183294474609,23.280281027667137,10000,200,200,4,8,南,17
171,南沙东涌市南公路锦绣新城(一期),113.44765715905837,22.889701684839384,13889,100,72,3,7,南北,8
172,天河岗顶黄埔大道西365-369号中铁盛德国际,113.33214134056631,23.130391458712175,52070,468,89.88,2,5,东南,10
173,增城新塘港口大道336号群星新邨,113.59645190756328,23.132472591333013,13012,110,84.54,2,4,北,15
174,天河岗顶龙口西路67-71号倚龙华轩贤人阁,113.32990458352785,23.139122208000042,45872,450,98.1,4,7,南北,24
175,天河东圃东圃明镜路兰亭盛荟,113.40159770143272,23.115640410717727,63974,570,89.1,3,7,南,6
176,天河珠江新城西华强路3号富力盈力大厦,113.3119204474163,23.129369453045076,26795,104.5,39,2,6,南,5
177,从化太平镇广从大道16号时代印象,113.48722027505268,23.455730857677718,14744,115,78,3,6,东南,4
178,天河沙太南沙太南路274-320号天河北苑,113.40565307124584,22.89162106804535,25750,195,75.73,2,5,南北,25
179,天河岗顶羊城路暨南花园,113.33880028859087,23.13337258512093,62500,575,92,3,6,南,26
180,越秀一德路长堤大马路316号广州民间金融大厦,113.25331079292496,23.113847220397194,16667,50,30,2,5,南北,5
181,海珠广州塔灏景街1号珠江帝景苑,113.32198450741525,23.109411809692084,75236,1900,252.54,5,10,南,17
182,番禺万博迎宾路自在城市花园,113.34439571719612,22.991093796324666,23992,235,97.95,3,6,南北,9
183,白云金沙洲藤业一路恒大绿洲,113.20499926863293,23.14827453373095,30802,830,269.47,4,8,东,15
184,海珠工业大道南工业大道南第一金碧花园,113.2822763802114,23.071490193665117,43572,305,70,2,5,北,21
185,增城永和创盈路379号中建岭南悦府,113.61180162470532,23.18876371831321,14155,103,72.77,3,6,南,6
186,番禺桥南南城路689号越秀可逸江畔,113.35747324639055,22.907263457785014,44307,370,83.51,2,5,南,9
187,天河东圃旭景西路城市假日园,113.39860239416599,23.127462027143267,53615,445,83,3,6,东北,19
188,天河天河北天河北路333-560号金田花苑,113.32982835970867,23.14531894118293,63781,610,95.64,3,6,南北,22
189,天河五山五山路450号华南理工大学东住宅小区(辽河路),113.34602063178411,23.15210707023066,66266,550,83,3,6,南,5
190,天河车陂车陂路407号富力天朗明居,113.38624123138462,23.128358170140906,41667,325,78,3,6,东北,19
191,海珠新港西新港西路20号江南新苑,113.28161195728573,23.094653353202,57997,528,91.04,3,6,南,14
192,越秀东湖东湖西路1-9号东湖新村,113.2825154251496,23.12085312903705,52565,410,78,3,6,东南,29
193,海珠工业大道北革新路149-150号光大花园,113.25114830867614,23.089970215297555,45000,342,76,2,5,南北,22
194,白云金沙洲环洲三路中海金沙馨园,113.2000191854555,23.150929516285927,29019,280,96.49,3,7,南,12
195,白云广园路广园中路景泰新村,113.26277605386541,23.164043705073325,29643,166,56,3,5,南,29
196,天河五山茶山路225号五山花园,113.3479404789133,23.152221456573287,64368,560,87,3,7,东,23
197,增城新塘新新公路金地荔湖城,113.59906924542258,23.21803525098983,8344,86,103.08,3,7,南,15
198,海珠广州大道南蕙兰路1号丰盈居,113.30858234214641,23.10547423499198,49626,450,90.68,3,7,东北,19
199,从化街口中心区明珠大道北花林湖畔,113.52007062953673,23.60629459415877,5830,63,108.08,3,7,北,12
200,花都镜湖大道镜湖大道北16号美林轩逸时光,113.24453158596572,23.36575100499876,16858,118,70,2,5,东南,12
201,番禺南站石兴大道南319号万科世博汇,113.27460801929813,22.988162081702693,21094,67.5,32,2,4,南北,4
202,黄埔知识城九龙大道合景天峻,113.54857783152549,23.329257748373028,9144,96,104.99,3,7,南北,9
203,南沙金洲上隆岭路星河湾区壹号,113.54259682116825,22.797694597642632,11890,72,60.56,3,7,东北,2
204,白云嘉禾望岗白云大道北1689号岭南新世界,113.28878651555725,23.234805585904898,40798,450,110.3,3,7,东北,16
205,越秀东川较场东路33号富力盈泽苑,113.2797327444957,23.12667219199976,72827,670,92,3,7,南,9
206,越秀西门口中山六路中山六路小区,113.2512203814314,23.128095908762553,38308,249,65,3,5,南北,9
207,白云金沙洲浔峰洲路8号万科四季花城,113.19471797967883,23.166744381582856,34539,430,124.5,5,10,南北,17
208,越秀东川东川路91号东川路91号大院,113.28069732997034,23.127502176663324,56685,399,70.39,2,5,南北,24
209,天河天河公园天府路153号东晖花园,113.35629429058092,23.132236815355334,64928,448,69,2,5,南北,25
210,番禺万博番禺大道北383号海印星玥,113.3447309725055,23.00317176859943,22402,203,90.62,3,6,南北,6
211,越秀东川较场西路6号置地大厦,113.27804579079587,23.12487154194548,45264,430,95,3,6,南,22
212,天河黄村悦景路龙湖首开天宸原著,113.42299918782622,23.147548899809046,61680,808,131,4,8,南,5
213,白云金沙洲彩滨北路保利西海岸汇海花园,113.2035930468228,23.176709708162708,29568,280,94.7,3,6,东,12
214,越秀西门口纸行路128号福地巷社区,113.25111945777911,23.12366086783377,28544,148,51.85,3,6,南北,9
215,花都铁路西工业大道181号花都时代城,113.18888492605137,23.370039132986623,13759,160,116.29,3,7,南,9
216,越秀小北大华街12号豆腐寮,113.26365919117721,23.13956035417267,51658,360,69.69,2,5,南北,29
217,黄埔夏园黄埔东路3375号省电力一局大院,113.52451533555238,23.092742949740135,17634,165,93.57,3,7,南北,24
218,天河沙河广州大道北920号信达金茂府,113.31358155618794,23.174853907092388,70140,610,86.97,3,6,南,6
219,荔湾环市西西湾路100-140号大岗元社区,113.23998527285941,23.148099688736696,25926,140,54,3,5,南北,21
220,天河岑村岑村路华南御景园,113.37324433336185,23.173496749267258,40364,449,111.24,3,7,南北,16
221,白云黄边尖彭路金碧雅苑,113.28649091964301,23.225515276482334,29987,250,83.37,3,6,南北,18
222,"海珠赤岗赤岗一街2,4号赤岗一街小区",113.32369087719457,23.095015327960812,35429,257,72.54,3,6,东南,29
223,番禺汉溪长隆汉溪路163号保利大都汇,113.32940388079751,22.997906712010977,18665,180,96.44,3,7,南北,9
224,增城永和新新大道15号金地香山湖,113.59823600871015,23.218484088142258,8330,83,99.65,3,7,南北,4
225,从化街口中心区城鳌大道宏润天睿北苑,113.4409021494685,23.603098263223895,7324,58,79.2,3,5,南北,8
226,番禺大石南大路敏捷华美国际,113.32351430272624,23.009232263727654,13158,50,38,2,5,东南,7
227,荔湾桥中西海南路花语水岸,113.20955903713622,23.12900779929653,44872,500,111.43,3,7,南,9
228,番禺华南碧桂园迎宾路华南碧桂园岭御苑,113.36798955185603,23.005013357608004,29088,280,96.26,3,6,东,13
229,荔湾陈家祠康王中路666号新光城市广场,113.24244530818069,23.12750854054772,53364,587,110,3,7,东南,24
230,天河天河北天河北路614号金海花园,113.3325371152731,23.142945632629402,63334,665,105,4,8,南北,19
231,荔湾广钢新城融穗街11号金融街融穗华府,113.23453134351347,23.069685758664473,41591,295,70.93,2,4,南北,6
232,白云金沙洲彩滨北路深业江悦湾,113.20535744586186,23.171905674717884,28724,270,94,3,6,东南,12
233,天河珠江新城中花城大道80号嘉裕公馆,113.32376506082477,23.120242659157288,174616,3500,200.44,4,9,东南,10
234,荔湾西关恩洲北横街59号恩洲北横街小区,113.23352693707409,23.12724995071549,32143,135,42,2,5,南北,24
235,天河东圃雅怡街40号雅怡居,113.39699609081669,23.121078282163726,32041,166,51.81,2,5,南北,27
236,番禺汉溪长隆锦绣路138号锦绣香江山水园,113.3326380331138,22.99793262294101,36207,420,116,3,7,南,19
237,白云金沙洲环洲二路保利西子湾,113.20536764736133,23.15065110426187,30914,253,81.84,2,5,南北,12
238,番禺桥南德信路388号越秀可逸阳光,113.3665132796574,22.910941720329333,30551,325,106.38,3,7,东南,10
239,黄埔香雪开创大道品秀星樾,113.4605260430102,23.172565066075247,28566,282,98.72,3,7,南,2
240,海珠东晓南工业大道南253号侨诚花园,113.28670191519929,23.071293334893323,29827,258,86.5,3,6,南北,25
241,海珠前进路复兴十二巷48号海意名苑,113.26470004700114,23.10432742290183,32725,265,80.98,3,6,北,26
242,天河珠江新城东花城大道尚东柏悦府,113.33031573185244,23.120064102979143,197161,8500,431.12,4,9,南,10
243,天河东圃中山大道旭景家园,113.39657320564646,23.130324504224994,41287,430,104.15,3,7,南,23
244,荔湾龙津龙津东路831号洞神坊社区,113.24418284681582,23.126176242116323,29715,245,82.45,3,7,东南,24
245,白云新市汇侨中路保利紫薇花园(北区),113.24999670114529,23.20307019673872,28314,260,91.83,3,6,南,14
246,番禺南浦南浦大道广州碧桂园,113.28406151395409,23.031045040996677,25568,248,97,3,7,东北,26
247,番禺钟村105国道雄峰城,113.37689860744116,22.94175783544388,11527,50,43.38,3,7,东南,7
248,花都铁路西望岗路6号祈福天龙苑,113.19028883693889,23.37374728429505,11001,85,77.27,2,5,东北,8
249,越秀二沙岛大通路25号新世界棕榈园,113.29567589591854,23.11218222090435,149351,1150,77,1,3,南北,21
250,越秀五羊新城广州大道富力东山新天地商住楼,113.3052347888429,23.12272222555779,49233,430,87.34,2,4,南,9
251,增城朱村朱村大道东路汇港威华国际,113.73519162484259,23.27976869639627,11253,121,107.53,4,8,南北,5
252,番禺南浦新湖路丽江花园九如通津,113.29079265329939,23.035354846130808,25414,338,133,3,7,东北,24
253,番禺华南碧桂园迎宾路559-567号华南碧桂园翠宏台,113.3569603900985,23.000669549346775,27003,360,133.32,3,7,西南,19
254,海珠江南大道中小港路163号富基广场,113.26493297010647,23.10940577112573,64628,638,98.72,3,6,北,12
255,花都新区凤凰北路广州融创文旅城,113.19930556971235,23.39850670094287,20765,200,96.32,3,7,南,6
256,海珠滨江东滨江东路沙地直街小区,113.27743233624828,23.11071166305061,30039,265,88.22,4,7,南北,34
257,天河珠江新城东临江大道417-431号侨鑫汇悦台,113.33912268246723,23.115004433714248,256278,9226,360,5,11,南,10
258,白云白云大道南同泰路竹韵山庄,113.30635603311154,23.221958093716086,36009,450,124.97,3,7,南,20
259,番禺万博锦绣路133号锦绣香江布查特官邸三期,113.3321145438522,23.000358868479168,52269,880,168.36,4,8,南北,12
260,越秀流花温泉新街14-20号方兴竹雅苑,113.2457015125255,23.16533622358429,44575,465,104.32,3,7,南北,7
261,越秀淘金淘金东路141号城启波尔多庄园,113.29153921484912,23.14556352387105,60000,450,75,2,5,西南,19
262,天河岗顶石牌西路111-119号天晟明苑,113.3329463184819,23.131288544172424,52381,550,105,3,7,南北,22
263,天河天河北林和西横路215号南粤阁,113.31618509308637,23.148731750032017,43580,470,107.85,3,7,西北,24
264,荔湾西关康王中路245号康王中路小区,113.24916752062494,23.12068464958571,28125,225,80,3,7,南北,24
265,越秀北京路教育路59号教育路大院,113.25954992081589,23.127919025463477,32500,260,80,3,6,南北,24
266,越秀淘金恒福路240-244-248号华侨乐园,113.2845598240889,23.145169600595136,48740,580,119,3,7,东南,5
267,番禺番禺节能科技园迎宾路730号天安菁华公寓,113.36916475704894,22.98297620790502,10380,50,48.17,2,5,南北,5
268,番禺市桥光明北路107号康乐园,113.35442051734985,22.947465176203977,19792,190,96,3,6,西南,12
269,白云金沙洲教育路9号华侨城天鹅堡(金沙洲),113.25737582838883,23.042682805104924,23916,230,96.17,3,7,南北,4
270,越秀北京路文德南路54~64号文德广场,113.26765262442629,23.12048085082419,56016,568,101.4,3,6,南北,19
271,海珠琶洲新港东路1000号保利世贸公寓,113.3612606175289,23.098218375106995,20923,103,49.23,1,4,南北,5
272,番禺万博迎宾路信基城,113.33249439293408,23.01016167023517,31968,380,118.87,3,7,东南,11
273,天河天河公园枫叶路8号加拿大花园,113.36219601478238,23.13863535871291,37324,290,77.7,2,5,南北,22
274,番禺华南碧桂园兴业大道华南碧桂园翠云山,113.37215350270729,23.004202908966008,36290,460,126.76,3,7,南北,16
275,白云黄石广花一路合景朗云花园,113.25857709137424,23.231165628677978,35072,386,110.06,4,9,南,2
276,番禺番禺广场丰尚路68号星尚名玥花园,113.39198143115478,22.94923907455483,24576,240,97.66,3,7,南,8
277,越秀公园前广仁路4号广仁路4号大院,113.26271369664885,23.131359112798407,31879,168,52.7,3,5,东南,24
278,黄埔大沙地黄埔东路188号怡港花园,113.44873354808077,23.102144823451493,30600,306,100,3,7,南,12
279,天河五山五山路483号华南农业大学嵩山区,113.35289258779648,23.16112771432291,83490,800,95.82,3,6,南,24
280,荔湾陈家祠中山七路中山七路小区,113.2432041007627,23.12782270006824,30000,240,80,3,7,东南,4
281,花都铁路西新街大道中祈福万景峰,113.19329805264412,23.371904784558392,14474,85,58.73,2,4,东北,9
282,海珠万胜围太和里左十一巷琶洲新村,113.35016553559076,23.294978322500608,30738,240,78.08,3,7,南北,9
283,番禺星河湾沿江东路星河湾一期(朗心园),113.32550186389537,23.0300720704293,29779,260,87.31,2,5,南,12
284,广州周边佛山桂澜路6号鸿巢公寓,113.25966981610857,23.13177722440307,5500,22,40,3,7,南,8
285,越秀北京路连新路连新路小区,113.25748094824564,23.132442701837892,32143,270,84,3,5,南北,25
286,广州周边佛山林上路6号金茂华美达广场,113.21117828866716,22.93040662384347,8750,35,40,3,7,南北,5
287,白云钟落潭广陈路1号保利珑玥公馆,113.40595627730184,23.383136652621676,18675,155,83,3,7,南北,3
288,越秀东山口培正路培正路小区,113.29255694773042,23.12353421139405,65710,412,62.7,2,5,南北,25
289,番禺大学城中七路66号方圆大学时光,113.39981848858984,23.04214660565999,31237,370,118.45,3,7,南北,8
290,番禺星河湾沙溪大道282号珠江花园,113.33910554283652,23.034824875135126,30182,400,132.53,3,7,南北,14
291,花都新区宝华路路劲天隽峰,113.20760124324316,23.39383834888271,22653,220,97.12,3,7,南,7
292,荔湾芳村鹤洞路3巷74-88号芳华阁,113.23753762164993,23.077849469378158,20000,186,93,3,6,南,9
293,白云金沙洲建设大道1号中海金沙湾,113.2000191854555,23.150929516285927,26394,330,125.03,3,7,东南,12
294,白云人和江人三路1010-1018号流溪半岛,113.28981992414903,23.323202120657164,23984,301.3,125.63,3,7,东北,6
295,黄埔知识城凤湖二路龙湖双珑原著,113.5382859251329,23.32288849335486,20616,203,98.47,3,7,南,6
296,天河珠江新城中临江大道59号天汇广场天銮,113.32448379674078,23.11716652298995,147548,3910,265,5,9,南,11
297,天河东圃东圃大马路2号天力居,113.39857255437698,23.118958079287292,44286,279,63,2,4,南北,24
298,番禺华南碧桂园迎宾路华南碧桂园芳翠苑,113.35438465608546,22.996727229349354,24090,258,107.1,3,7,南北,24
299,广州周边佛山佛平三路1号万科金色领域(商住楼),113.15292435111178,23.044030516481595,6223,28,45,2,5,南北,6
300,增城新塘光华路19号嘉骏豪苑,113.6255255195798,23.120708721685304,11437,100,87.44,3,7,南,16
301,番禺祈福东桥大街尚东嘉御,113.32169163665722,22.94544849051193,17790,160,89.94,3,6,南北,6
302,天河天河北天河北路550-590号帝景苑,113.33101309109014,23.143174468669958,61947,700,113,3,7,东南,24
303,荔湾西关龙津东路龙津东路欧家园,113.24447536000297,23.125785419066187,29734,223,75,3,6,南北,24
304,海珠江南西基立下道5-28号基立道小区,113.27011405079514,23.106606677624946,28750,115,40,2,4,西南,30
305,天河珠江新城西华明路4号星汇云锦,113.31123170134285,23.124504477935076,80684,693.9,86,1,4,南,14
306,白云机场路丽城路1号广州富力城,113.25756825710793,23.249942073145377,26052,239,91.74,3,6,南北,15
307,番禺番禺广场广华北路东华花园二期,113.3886168417109,22.947466774365676,20000,188,94,3,7,南北,19
308,白云机场路水边街75-235号时代花园,113.25006557762711,23.179458624150744,33494,278,83,3,5,南北,22
309,南沙黄阁天曦北一街南沙保利天汇,113.39473948587039,22.806205314181035,19632,160,81.5,3,6,西北,4
310,番禺钟村市广路280号招商金山谷九期,113.33437045567992,22.97426234997871,32313,285,88.2,3,7,东南,7
311,黄埔萝岗开创大道保利林语山庄,113.449096204977,23.185354823465495,43675,475,108.76,3,7,南北,15
312,天河龙口东龙口东路366-368号鸿景园,113.3355722284809,23.14618412092277,50678,598,118,4,8,南北,23
313,番禺南浦新园路丽江花园丽字楼,113.29526584785764,23.038106711401717,19091,168,88,3,7,南,31
314,番禺石楼清晖路2号中海左岸澜庭,113.48691736344632,22.958948827687543,20557,173,84.16,3,7,东南,2
315,白云白云大道南盈翠街1-18号盈翠华庭,113.26720064552228,23.172003537935094,37370,250,66.9,3,6,南,23
316,海珠东晓南金辉路新城国际寓,113.28061296084061,23.073964137262458,17000,51,30,2,6,东南,7
317,海珠赤岗聚德西路坚真花园,113.32169373522198,23.084400916304208,52277,558,106.74,3,5,北,18
318,天河珠江新城西华强路2号富力盈丰大厦,113.31103978948948,23.12816344680794,30135,417,138.38,3,5,南,21
319,海珠赤岗新安街11号赤岗大塘公安宿舍,113.32956621447275,23.086626676738963,32717,265,81,2,5,南北,26
320,白云机场路心谊路心谊路发改委宿舍,113.25061904862697,23.172903863296725,25271,238,94.18,3,6,北,23
321,越秀淘金麓苑路33号保利麓苑,113.27867911746827,23.14394432646433,63556,700,110.14,3,7,南北,15
322,番禺广州雅居乐兴南大道398号广州雅居乐花园雅逸庭,113.35737354656291,23.01057314990226,30979,285,92,2,5,东南,19
323,南沙进港大道环市大道中阳光城悦然府,113.53629519712031,22.80696738011834,20291,176,86.74,3,6,东南,3
324,南沙金洲焦西路南沙金茂湾,113.51585459185677,22.783386981111764,37102,450,121.29,3,7,南北,9
325,花都新区枫叶路颐安俪都府,113.24351897891715,23.437263074888854,18473,163,88.24,3,7,南,6
326,海珠广州大道南广州大道南1028号逸景翠园,113.30108118241525,23.08603306028013,49181,600,122,3,7,南北,17
327,黄埔南岗黄埔东路佳兆业城市广场,113.5452116635263,23.105290218645127,22891,188,82.13,3,6,南北,4
328,越秀北京路中山五路壬癸坊,113.26281141151864,23.12968761447824,67090,370,55.15,4,8,南北,24
329,黄埔大沙地茅岗路860号鱼珠城和贵坊,113.43407571034847,23.122768367444912,7750,31,40,1,3,南,2
330,黄埔知识城镇龙车辆段广州星汇城,113.58809511580478,23.288502329778773,20386,165,80.94,3,6,南,4
331,花都新区永发路6号雅居乐锦城花冠集,113.18467928516436,23.42230540724826,14211,135,95,3,6,南,9
332,南沙金洲金沙路越秀滨海新城,113.54306577662152,22.81871045425772,18217,162,88.93,3,6,北,5
333,番禺华南新城南大路168号华南新城,113.3450632196352,23.02371252132243,24176,220,91,2,6,北,13
334,天河岗顶黄埔大道西601号暨南大学明湖苑,113.34489168099807,23.133460188094528,62675,675,107.7,3,7,南北,24
335,白云黄庄广州大道北江南世家(别墅),113.33403949643242,23.235282558751763,71634,2500,349,5,11,南,20
336,花都狮岭狮岭大道东1号御华园,113.18456299506123,23.446648082833807,15574,138,88.61,3,6,南北,7
337,花都铁路西望亭路15号天马丽苑二期,113.17936443420523,23.3713909349229,10783,50,46.37,1,3,东,5
338,白云南湖大源南路南湖半山东苑,113.33854001999823,23.22572103959321,24272,235,96.82,3,6,西北,18
339,黄埔香雪开源大道22号中央城,113.49468862487139,23.15551619935132,25477,321,126,4,8,南北,5
340,增城永和新新六路205号珠江花屿花城,113.58828853071823,23.195808342631558,11305,100,88.46,4,8,南北,4
341,白云永泰春雨街18号春晖闲庭,113.30451309627223,23.22294513497934,29688,380,128,3,7,南,20
342,南沙蕉门丰泽西路合景方圆叠翠峰,113.51570185386004,22.799514073730208,19444,169.9,87.38,3,6,南北,7
343,海珠滨江中远安新街远安小区,113.40140349720002,23.081821019294914,33665,210,62.38,2,5,南北,40
344,黄埔开发东区黄埔东路佳兆业未来城,113.53712218644995,23.10701692482001,10427,103,98.79,3,7,南北,9
345,番禺番禺广场广华北路东华花园,113.38621470277977,22.943189613313425,19570,209,106.8,3,7,南北,19
346,黄埔夏园黄埔东路万科尚城,113.5214083671096,23.087343507451447,22561,185,82,3,7,东南,7
347,黄埔萝岗水西环路科城山庄,113.47860585885793,23.187616444467206,43834,526,120,3,7,南北,9
348,番禺大石朝阳东路178号滨江绿园,113.31895986212032,23.028773620411474,24437,255,104.35,3,7,南北,16
349,番禺桥南市良路9号番禺奥林匹克花园,113.36179056022532,22.920322751578098,20613,175,84.9,3,7,南北,21
350,天河珠江新城东潭村路16号星汇雅苑,113.34401099046224,23.123394089731697,95425,780,81.74,2,5,东北,16
351,番禺万博政通路清华坊,113.34200084676614,23.00584418938445,47170,1500,318,5,12,南北,20
352,天河棠东广棠路24-26号富力天寓,113.38268689849419,23.14188752867948,35143,123,35,1,3,东南,18
353,海珠新港西顺景街4-16号顺景雅苑,113.28812729941122,23.090604052180925,47059,528,112.2,4,8,南,21
354,越秀中山路中山一路富力东堤湾,113.30383633642606,23.128349932080724,85863,580,67.55,2,4,东,3
355,海珠广州塔艺洲路602号珠江帝景紫龙府,113.32530790070577,23.103864640817623,82447,1550,188,4,8,南北,7
356,天河天河公园东方三路理想蓝堡国际花园,113.35214134270997,23.130614982453984,75284,798,106,3,6,南,18
357,天河天河公园中山大道西158号东方新世界,113.35435841326193,23.135054773032085,78933,710,89.95,2,5,南,13
358,海珠工业大道南石岗路12号之3-4东方雅苑,113.269132527538,23.06851038139743,15625,50,32,3,7,南,5
359,海珠昌岗江南大道南362号达镖国际中心,113.27105054657098,23.092276171778384,16667,50,30,2,5,东南,9
360,增城朱村朱村大道东88号荔富湖畔,113.74394948195956,23.281799032385855,10633,103,96.87,3,7,南北,8
361,增城新塘荔新十二路98号顺欣花园,113.6122951230874,23.149207866771278,13139,115,87.53,3,6,东南,15
362,越秀公园前正南路4号都府居住小区,113.26445749568924,23.13245074122719,43442,205,47.19,3,6,南北,9
363,增城荔城广汕公路实地蔷薇国际,113.76214568595219,23.290889127931163,10877,105,96.54,3,7,南,7
364,增城朱村广汕公路科慧花园,113.6672848851607,23.280909901314438,11635,105,90.25,3,7,东南,3
365,天河体育中心华康街9号名雅苑(天河),113.32570624438092,23.137685534406472,55753,630,113,2,5,东南,29
366,番禺祈福绿怡南路祈福新邨翠湖居,113.32619685427362,22.962023641801256,23509,238,101.24,3,7,北,22
367,白云广园路石榴桥路85-107号利源大厦,113.26102420697845,23.168166751705023,20743,186,89.67,3,5,北,27
368,番禺市桥汀沙二大街1号汀沙村,113.35912563413743,22.951839035048945,20000,50,25,2,5,东南,8
369,白云太和新广从路汇雅花园,113.32388236900506,23.280835447037305,13530,115,85,3,7,南,9
370,白云嘉禾望岗启德路36号龙禧中心,113.28185548149808,23.229564435958068,11391,110,96.57,3,7,南北,14
371,天河天河北龙口西路194号伊顿18,113.33083560294725,23.140508852152596,71618,868,121.2,3,7,南北,12
372,"黄埔萝岗科丰路81,85,87,91号萝岗万达广场SOHO公寓",113.4616306371969,23.170758387070386,12683,52,41,1,3,南北,7
373,南沙万顷沙兴隆路中建弘阳德信湾璟壹号,113.53394561408417,22.71682782924732,21058,200,94.98,3,7,南北,3
374,越秀西门口六榕路稻谷仓小区,113.25437418676343,23.132838960864422,28485,188,66,3,6,南北,19
375,南沙金洲金沙路南沙广隆苑,113.53745395433752,22.783024723568403,17000,136,80,3,7,南北,9
376,南沙南沙港商贸大道越秀珠实天悦海湾,113.59982528425631,22.772291378985383,22248,198,89,3,7,东南,4
377,天河珠江新城东临江大道399号珠江新城海滨花园,113.33667531681516,23.11531079726672,121154,1260,104,3,7,北,18
378,番禺亚运城铁中路3号亚运城天誉,113.48132430069539,22.953355099552127,19569,203,103.74,3,6,南北,8
379,从化街口中心区江埔街逸泉映翠,113.6110907626425,23.57663039102515,8968,85,94.79,3,6,南,9
380,黄埔知识城九龙大道中泰天境花园,113.58047220399646,23.277629460961304,13273,119,89.66,3,6,南北,9
381,广州周边佛山南涌路1号宏宇宏裕公馆,113.29535959069679,23.154489125279394,14598,43.5,29.8,2,6,南北,6
382,从化街口中心区环市东路223号青春名城宏雅园,113.60009821019169,23.53195470199648,9885,91.8,92.87,3,6,南北,4
383,荔湾中山八路周门街中兴苑,113.2336846488859,23.133235600981465,29688,190,64,3,6,南北,24
384,增城凤凰城翡翠绿洲大道香江天赋,113.55052728529252,23.144126774537966,19633,190,96.78,4,8,南,4
385,越秀西门口净慧路净慧路小区,113.25304961402021,23.130681301196486,27648,188,68,3,7,南北,19
386,越秀北京路都府街正南路都府街大院,113.26348728822627,23.133159009844828,33000,198,60,3,5,南北,24
387,白云金沙洲工业大道18号恒大御景湾,113.24681474303709,23.21666426888064,18889,175,92.65,2,5,东,12
388,番禺市桥西丽南路116号西城花园,113.34767145329322,22.938999859324703,15061,125,83,3,6,南北,24
389,荔湾芳村花地大道南158号元邦明月水岸,113.22245246313167,23.06289278317126,25998,310,119.24,3,7,南,12
390,番禺南浦新浦南路海龙湾,113.28047914428262,23.03953705885607,23819,262,110,3,7,东南,21
391,越秀东风东东风东路776号东山雅筑,113.29878661134401,23.1331514196278,93104,1080,116,3,7,南,21
392,增城荔城增城大道475号华润置地润悦花园,113.76380062879956,23.283050444508927,13589,125,91.99,3,6,南北,6
393,花都新区梅花路33号美力花苑,113.20923757763464,23.410756298300743,11557,105,90.86,3,5,南,18
394,增城朱村广汕公路保利中航城,113.6664589614549,23.275872351591765,13400,126,94.03,3,7,南,7
395,南沙万顷沙英贤路富顺楼,113.54700841266224,22.71003722684954,7229,60,83,3,7,南北,9
396,天河珠江新城西华利路27号广弘天琪,113.3125966346613,23.120700608934644,99588,628,63.06,2,5,南,15
397,番禺祈福学院路祈福新邨活力花园,113.32350357618435,22.97153708631619,27425,328,119.6,3,7,南,18
398,增城中新镇学院南路1号恒创恒福花园,113.60897096274398,23.28330044175354,10088,93,92.19,3,7,南北,9
399,荔湾黄沙黄沙大道15-17号珠光御景壹号,113.22809826465276,23.11455710485408,83895,3100,369.51,5,11,东南,9
400,天河东圃中山大道中268号天河广场,113.39708550664227,23.124722419347574,28845,196,67.95,2,5,南,29
401,天河珠江新城东海风路凯旋新世界广粤尊府,113.33423789697423,23.115668727955992,334822,7500,224,4,8,南,12
402,广州周边清远山前大道碧桂园半岛1号(1区),113.06257394993753,23.48358547764248,5500,48.4,88,3,7,南北,8
403,从化街口中心区上横南路德怡花苑,113.56787132199025,23.556843343420102,12472,108,86.6,3,6,南,12
404,番禺华南新城南大路华南新城山语轩,113.34702640810859,23.02498059892781,26897,390,145,3,7,北,13
405,增城荔城增城大道301号金马香颂居,113.78224153481182,23.280983045553622,11575,105,90.72,3,7,东,9
406,黄埔萝岗科景路龙光峰景华庭,113.44616843467983,23.191362179082834,22249,185,83.15,2,5,西北,16
407,越秀东山口东湖路6号东湖路小区,113.28421468986421,23.121719494091955,73585,390,53,2,5,南北,29
408,广州周边清远合众路1号保利麓湖,113.34149396325917,22.936484218445948,5135,49.8,97,3,7,南,8
409,白云南湖同和路1168号南湖半山豪廷,113.33480647292969,23.223925097927186,30995,428,138.09,4,8,南北,19
410,天河车陂车陂北街22号广氮新村,113.39305271170025,23.129521124411756,26163,180,68.8,2,5,南,29
411,海珠江南西纺织路6号纺织路,113.26202295633557,23.113442933108903,25971,170,65.46,2,5,西北,32
412,花都狮岭狮岭大道东8号狮城国际,113.18213940325089,23.447001888049403,13091,125,95.49,3,6,南北,7
413,增城新塘陈家林路合生湖山国际,113.56039039111658,23.137232461697234,15761,145,92,3,7,南北,4
414,增城永和新新七路299号崇和花园,113.59207854150567,23.171921454643346,10627,95,89.4,3,6,南,9
415,白云梅花园梅岗路125-147号擎山苑,113.31377552691198,23.184810184805173,25766,180,69.86,2,5,东北,19
416,番禺亚运城南环路132号尚上名筑,113.4832434957128,22.95844646500797,16541,177,107.01,3,7,南北,8
417,增城荔城荔城大道方圆云山诗意(增城),113.79708998038726,23.30179739121893,11855,130,109.66,3,7,东南,3
418,增城新塘石新大道168号中森茗苑,113.62087188494806,23.130773795248373,15003,130,86.65,3,7,南,10
419,越秀西门口大德路135号大德路小区,113.25290830390861,23.120630983452156,27206,185,68,3,6,南北,18
420,海珠工业大道北工业大道北路工业大道北路小区,113.25536925941202,23.091745723813734,27124,198,73,3,7,南,29
421,越秀一德路人民南路人民南路小区,113.24834398166328,23.11491503017246,26858,188,70,3,8,南北,9
422,白云黄边鹤龙东路广州设计之都,113.27846558141664,23.224674244501124,12659,50,39.5,2,6,南,8
423,天河天河公园金兴一街46-48号天麟府臻林,113.35416817347385,23.129143356105402,118117,1450,122.76,3,7,南北,3
424,增城凤凰城凤凰城大道碧桂园凤凰城凤妍苑,113.5711770960426,23.129716638557632,13019,123,94.48,3,6,南北,19
425,黄埔文冲广新路688号丰逸尚居,113.4627559618182,23.101341027498986,35960,230,63.96,2,5,南,14
426,番禺万博番禺大道北666号诺德中心城,113.34573626841622,22.99233643593385,25956,271,104.41,3,7,西南,12
427,增城永和创优路佳兆业悦峰,113.609294448941,23.194941323901254,13550,118,87.09,3,7,南北,3
428,白云同德围同嘉路岭南花园,113.22688272354557,23.164458455259215,27398,200,73,2,4,南,21
429,增城荔城荔景大道北433号百晟汇翠湾,113.82068370751432,23.31200505260436,11163,108,96.75,3,6,北,13
430,"增城永和新新大道中,创兴路合景誉山国际(商住楼)",113.58962504628522,23.192613121924104,6233,58,93.06,3,6,南,5
431,荔湾周门周门街周门小区,113.2341658679427,23.13151875928856,30000,180,60,3,6,南北,23
432,增城荔城开园中路24号富鹏小区,113.82583114388164,23.30157810427942,8314,81,97.43,3,7,东南,15
433,增城中新镇福中路34号恒大山水郡,113.62310431591088,23.337270363058412,9354,82,87.67,3,6,南北,5
434,越秀农林下路农林下路11号东山公馆,113.28993933308595,23.128414740534776,57803,896,155.01,3,7,东南,19
435,黄埔科学城天鹿南路华标峰湖御境,113.4258961875445,23.202909615169613,28421,220,77.41,2,5,南北,5
436,南沙南沙港英东大道领南星河荣誉,113.59274163937049,22.773088773971836,28741,292,101.6,3,7,东南,4
437,番禺市桥市新路69号璞悦台,113.36787597955865,22.959943581597706,25203,258,102.37,3,7,南,7
438,海珠南洲南洲北路南洲花苑,113.29894926680653,23.072684897351348,26757,198,74,2,5,东西,24
439,越秀西门口东风西路东风西路小区,113.24166221682212,23.136246676198688,24591,150,61,3,6,南北,24
440,花都花东花都大道东228号金融街花溪小镇,113.40956485713528,23.431779364188447,9849,72,73.11,3,7,南,6
441,增城中新镇风光路33号景新国际名城,113.62327123044547,23.282251270026894,10911,108,98.99,3,7,南北,9
442,番禺汉溪长隆素馨街10号珑翠北区,113.30592368013752,22.997207190947346,42080,526,125,4,8,南,3
443,增城新塘汇太中路富群苑,113.60454065447217,23.13189749029785,11742,95,80.91,2,6,南,15
444,天河珠江新城中花城大道86号中海花城湾,113.32657329634634,23.120151303737067,165250,2080,125.87,3,7,北,14
445,增城新塘大道西新星路新塘摩托车市场社区,113.60233884798184,23.120911400777302,6937,63,90.83,2,4,南,29
446,越秀解放北周家巷周家巷小区,113.25622335400799,23.13588565218664,39273,190,48.38,2,4,南北,23
447,花都新区公益路2号华侨花园,113.21278734704454,23.395494487258436,10959,80,73,2,5,南,23
448,黄埔知识城九龙大道时代天韵,113.53724962703889,23.330113843822314,21339,285,133.56,4,8,南,5
449,花都花山花山镇106国道雅居乐万科热橙,113.27443350196009,23.44489174333822,12609,109,86.45,3,6,南北,8
450,越秀公园前越华路华宁里小区,113.26079903250951,23.13131669314805,32259,200,62,3,6,南北,9
451,增城荔城府佑路294号锦绣御景国际,113.80462015406904,23.29369118572217,12813,158,123.32,3,7,南北,9
452,番禺祈福市广路祈福新邨迎风阁,113.31320960804725,22.962148935196634,19635,245,124.78,3,7,南北,16
453,从化太平镇105国道珠江国际城,113.52162627775301,23.471133483921484,9285,83,89.4,3,7,南北,1
454,增城中新镇广汕路御溪世家,113.59774109022642,23.290126068949558,21540,225,104.46,3,7,南,2
455,白云广州大道北梅宾路161号梅宾公安宿舍,113.31975824715423,23.18175617437417,20695,140,67.65,2,5,南,26
456,番禺市桥西丽南路228号华侨城,113.34595718056843,22.936861140379634,14525,113,77.8,3,7,南北,9
457,增城广园东陈家林路159号翡翠绿洲森林半岛,113.55657908806607,23.13881136421306,13237,107,80.84,2,5,东,7
458,南沙黄阁黄阁西路金科集美御峰,113.48943628370958,22.823363732622227,16730,150,89.66,3,7,东南,5
459,海珠琶洲琶洲村新马路保利天悦,113.37476685168265,23.104722832035264,169873,4380,257.84,4,10,南北,12
460,增城永和永平路29号奥园誉峯,113.59532309813746,23.175765416062205,12958,110,84.89,3,6,北,5
461,天河珠江新城中兴民路160号利雅湾,113.32301072430323,23.118648765964686,146630,1899,129.51,3,7,南,8
462,越秀北京路南堤二马路36-40号御江苑,113.264153778041,23.118143847511902,75000,750,100,3,7,西南,16
463,天河天河客运站元岗路68号远洋天骄,113.3306105847908,23.1778329392692,59282,800,134.95,4,8,南北,4
464,从化温泉温泉西路方圆泉溪月岛(别墅),113.65460797804589,23.660416819513728,25265,380,150.41,3,9,南北,6
465,增城荔城增城大道471号保利中海金地大国璟,113.76770545718905,23.28317189109498,12903,124.9,96.8,4,8,南北,2
466,天河粤垦粤垦路瑞心苑小区,113.32700475015858,23.15715325836264,50301,628,124.85,4,8,西南,17
467,南沙黄阁曦岸大街7号华宇凤凰艺术岛,113.38109456617563,23.20072332432827,17429,180,103.28,3,7,东南,3
468,白云白云万达金钟横路220号广信白兰花园,113.26247282823569,23.172575076570006,31755,236,74.32,2,4,南,30
469,荔湾西关南岸路2号南岸路小区(荔湾区),113.22854338932015,23.134785371349356,29509,180,61,2,5,南北,24
470,从化街口中心区城鳌大道东854号宏润天睿南苑,113.44221387172232,23.602367311009036,6051,59,97.52,3,7,南北,7
471,荔湾站前路陈岗路富力君湖华庭,113.24409447128137,23.142911082758825,59091,780,132,3,7,东南,13
472,天河珠吉大灵山路金地天河公馆,113.42634285935848,23.146253587393105,61898,771,124.56,4,8,南北,5
473,南沙进港大道进港大道皇家花园,113.54744764390216,22.80092591929353,8000,60,75,3,7,南北,9
474,花都新区凤凰北路32号雅居乐雍华廷二期,113.22853676078762,23.400846994008482,20561,220,107,4,7,南北,19
475,增城新塘东进东路8号新都盛世名门,113.59388714871089,23.128688561531273,16654,196,117.69,3,7,南北,12
476,花都铁路西荔江南路20号万科天景花园,113.17699009001055,23.375927001248503,13621,158,116,3,7,南,14
477,天河岗顶黄埔大道西505号MBA国际公寓,113.33960194188998,23.12917598624077,41877,175,41.79,1,2,东,18
478,番禺星河湾沿江东路星河湾七期,113.33883681245416,23.02931233616922,49267,1680,341,4,10,南北,12
479,南沙万顷沙三号路嘉安花园,113.532444623967,22.70544004111627,12565,98,78,3,7,南北,9
480,越秀西门口东风西路126号东风西大院,113.2414866508817,23.13638350830403,35567,180,50.61,2,4,东南,25
481,花都新区三东大道西保利花城,113.19150132408181,23.419045049767522,21121,288,136.36,4,8,南北,11
482,天河岗顶黄埔大道西433号侨兴苑(天河),113.33458166350543,23.129416030515493,38756,218,56.25,2,4,南,31
483,天河珠吉大灵山路400号华润天合,113.42251079529157,23.145266623307123,73984,910,123,3,7,南,19
484,越秀西门口海珠中路169号海珠中路小区,113.25131476722684,23.125323091811204,28572,160,56,3,7,南北,9
485,南沙进港大道进港大道130-180号南沙碧桂园,113.55268800480331,22.798858065943275,13349,172,128.85,3,7,南北,9
486,白云机场路航云北街绿化街小区,113.25559154643344,23.181232109276184,28054,206,73.43,2,4,南北,26
487,番禺南浦环岛西路121号锦绣半岛,113.25356046256894,23.04723072352448,22622,368,162.68,4,8,西北,12
488,番禺大学城中六路越秀星汇文宇,113.37905529745449,23.064702788263002,71701,830,115.76,3,7,东南,10
489,花都新区三东大道89号花都凯旋门,113.21992811805106,23.413779335178475,21388,370,173,4,8,南,14
490,增城新塘群贤路1号广发大厦(增城),113.60343904860186,23.119943268964473,7742,96,124,3,7,东北,24
491,天河员村山顶街1号天荟公馆,113.35109886457326,23.125741216949475,91797,1100,119.83,3,7,北,8
492,越秀北京路德政南路59号德政南路小区,113.27045613742062,23.12134036641123,35666,158,44.3,2,4,南北,22
493,增城新塘汇太中路216号富丽苑(增城),113.60445569770155,23.130408938981663,10792,150,139,3,7,东,24
494,白云机场路棠安路宏航苑,113.25154027533874,23.191279471169302,17250,138,80,2,4,南北,26
495,白云白云万达金钟横路80-90号紫来居,113.26572300428724,23.17322236604352,36185,508,140.39,4,8,东,19
496,花都新区凤凰北路27号银星花园,113.22721698634321,23.397356476471256,15063,165,109.54,3,7,南,21
497,增城荔城滨海路二街2号增城滨海花园,113.82263933483155,23.281876674470414,7880,78.8,100,3,8,南北,24
498,增城新塘江府大道2-4号保利东江首府,113.62657571651508,23.111710923162526,19310,236,122.22,3,5,东南,12
499,花都新区公益路1号骏威广场,113.21071856149845,23.394826896888528,11030,150,136,3,5,南,15
500,番禺广州雅居乐兴南大道398号广州雅居乐花园雅湖居(别墅),113.36273821852609,23.009223774328863,58905,860,146,4,9,南北,18
501,白云同和同和路828号山水庭苑,113.32746681050139,23.21809175231066,30640,428,139.69,4,7,南,9
502,白云金沙洲彩滨北路恒大御景半岛,113.20427544834813,23.179452352239217,21577,400,185.39,4,8,南北,15
503,越秀杨箕中山一路东郊市场1号-6号小区,113.30542521265727,23.13080165566992,39146,163,41.64,2,4,南北,29
504,增城新塘新塘大道中132号新利大厦,113.59973388822868,23.119652400421078,10628,72,67.75,2,5,南,29
505,从化街口中心区沿江南路92号夏日港湾,113.58996562330505,23.54213139526797,12893,156,121,3,6,南,20
506,从化太平镇平南路8号华标荔苑,113.48461726574509,23.453092914128554,9291,83,89.34,2,5,南,7
507,白云同德围西槎路上步花园,113.2312855216066,23.172950642489194,17901,133,74.3,2,5,南北,26
508,番禺石楼莲江路奥园莲峰圣境,113.48775336504663,22.999392547005353,16838,358,212.62,4,9,南,7
509,花都新区永发路8号雅居乐锦城花锦集,113.18290324182969,23.418313075581434,13136,155,118,3,7,北,12
510,海珠滨江中滨江中路远安路大院,113.27853039894697,23.110050635300045,33428,165,49.36,1,3,南北,33
511,花都新区永发路3号雅居乐锦城花语集,113.19930556971235,23.39850670094287,14957,153,102.3,3,6,北,10
512,从化街口中心区河东南路388号名城御景世嘉,113.59699759434,23.533660270392954,10821,145,134,3,7,南北,14
513,花都狮岭山前大道1242号元邦山清水秀,113.21654174145135,23.490563292669552,7033,80,113.75,3,7,南,4
514,白云南湖广州大道北新天半山,113.33637797225715,23.221171192513335,44272,1199,270.83,5,10,南北,11
515,白云同和倚翠街29-43号柏林半山雅墅,113.31669373354836,23.201500863254665,26953,520,192.93,5,9,北,15
516,白云石井石潭路444号建发央玺,113.22845163177651,23.194269965322096,39174,550,140.4,4,8,南北,3
517,番禺万博南村镇迎宾路段锦绣路133号锦绣香江布查特官邸二期,113.33516769895093,22.992600341687353,50678,729,143.85,3,7,南北,12
518,增城朱村朱村街碧桂园城市花园,113.6745225655282,23.276033642701897,12709,160,125.9,3,7,南,7
519,增城永和新惠路209号南山丰景花园(一期),113.60013489265671,23.198877572173473,9000,54,60,2,5,南北,9
520,黄埔永和开发区新业路万科里享家,113.56144945631169,23.19888779548946,14587,102,69.93,3,5,北,6
521,海珠滨江东滨江东路502号保利康桥,113.28379937418532,23.10827285150429,91015,2280,250.51,5,10,东北,16
522,海珠滨江东远安路7号远安社区,113.27928940062242,23.109189390609757,30154,110,36.48,2,5,南北,54
523,花都旧区商贸路9号豪逸名苑,113.18838817754845,23.381078055593807,10151,85,83.74,1,4,北,9
524,花都新区凤凰北路保利明玥晨光苑,113.22856409932457,23.393204860673126,23182,255,110,4,8,南北,2
525,天河棠东棠德西路56号棠德花苑,113.3787241279818,23.136289677896375,23115,141,61,2,5,东南,26
526,海珠东晓南宝通街侨诚花园宝通街小区,113.28467627907607,23.072679278795984,27736,146,52.64,2,5,南北,22
527,海珠滨江东滨江东路中信君庭,113.29938534474695,23.105907864512634,84566,1790,211.67,3,7,南北,16
528,花都新区天贵路78号东成苑,113.21745731429588,23.397274290304573,11882,120,101,3,6,南,18
529,天河岗顶天河路596号岗顶百脑汇,113.33390473677024,23.136866885494282,34770,180,51.77,1,3,南北,18
530,增城荔城正果大道敏捷锦绣星河,113.88402639408812,23.405392055624986,6365,65,102.13,3,7,南北,8
531,天河沙太南广州大道北920号信达金茂府(商住楼),113.31358155618794,23.174853907092388,27873,122,43.77,2,4,南,6
532,荔湾黄沙黄沙后道5号黄沙后道小区,113.23163746691587,23.114256771743303,26416,140,53,3,6,南北,24
533,越秀农讲所德政北路498号德政北社区,113.26983927993496,23.130649546654578,34763,150,43.15,3,5,南北,25
534,增城广园东凤凰城大道碧桂园凤凰城凤锦苑,113.57587557768109,23.153895416794708,19307,380,196.82,4,8,南北,12
535,海珠南洲南洲路66号时代廊桥(海珠),113.30598218994633,23.06526211367528,40488,568,140.29,4,8,南北,13
536,花都新区凤凰北路23号合景马鞍山一号,113.22823782602795,23.394521580638322,17434,360,206.5,4,8,南北,9
537,增城荔城增江广汕公路保利合锦领秀山,113.85125230490614,23.250368667439037,8702,98,112.62,3,7,南北,5
538,荔湾广钢新城鹤洞路220号中海花湾壹号,113.23156383961108,23.0708593340146,42522,510,119.94,3,7,东南,6
539,增城中新镇汇璟街6号碧桂园映象,113.61916904660163,23.36807424277751,8162,60,73.52,2,5,南,6
540,南沙金洲海滨路越秀滨海悦城,113.52574014070692,22.795587740692493,27153,385,141.79,4,8,南北,9
541,白云龙归广从公路龙归城,113.31424316138988,23.27942596651551,21051,125,59.38,2,5,南北,11
542,越秀北京路北京南路太平沙小区,113.26403364556492,23.119814817234445,34783,160,46,2,4,南北,24
543,从化街口中心区口岸路1号从化托斯卡纳,113.57091750690374,23.542761557229603,10075,136,135,3,7,东南,18
544,黄埔知识城九龙大道时代印记花园,113.48193962869614,23.40509223952993,15154,188,124.06,4,8,南,6
545,增城荔城仙村大道源海仙村一号,113.7114211440851,23.19197484231282,9292,103,110.85,3,6,南,6
546,白云同德围西槎路688号泽德花苑,113.23351872858518,23.179201140281762,20982,115,54.81,2,4,西南,24
547,荔湾黄沙黄沙大道南站新街小区,113.23119820251982,23.113552918891237,25962,135,52,2,5,南北,24
548,南沙蕉门凤凰大道富门花园,113.52172794054368,22.81368870568315,9843,125,127,3,7,东南,26
549,越秀东川东华西路东华西路小区,113.27902457075221,23.125575324360852,68236,928,136,6,14,南北,31
550,白云南湖广州大道北桐林别墅,113.33466845392279,23.23229244108394,37801,1100,291,5,12,南,24
551,番禺华南新城蝶恋花路华南新城江山帝景,113.35110341713532,23.026829088563268,38271,1150,300.49,5,11,南北,10
552,花都镜湖大道凤凰南路越秀臻悦府,113.23508169734166,23.37983707658979,28713,285,99.26,4,8,东南,3
553,黄埔永和开发区华峰路实地常春藤(四期),113.55462008150259,23.218653623777374,15715,110,70,2,5,南北,5
554,番禺祈福环湖东路祈福新邨倚湖湾,113.32956701418321,22.957938302784452,23877,238,99.68,3,6,南,16
555,白云广州大道北广州大道北江南世家,113.33403949643242,23.235282558751763,31855,720,226.03,5,12,南北,18
556,番禺万博汉溪大道东万科红郡,113.3493608393195,23.010094712787662,98485,3250,330,7,17,南北,24
557,番禺祈福福华路祈福新邨C区,113.32802880349298,22.965881416711454,17978,80,44.5,2,5,南,28
558,番禺星河湾沙溪大道480号星河湾半岛,113.34547573037815,23.03615632867264,66922,3500,523,6,11,南北,14
559,番禺汉溪长隆汉溪大道奥园城市天地,113.329337191404,22.993884638838043,17536,77,43.91,1,2,南,9
560,花都雅瑶滨湖路12号中房观湖国际,113.21787749763888,23.37509405129039,21515,480,223.11,4,9,南北,14
561,越秀环市东和平路华侨新村和平路小区,113.28384398106697,23.140113200526756,86816,3299,380,4,10,南北,44
562,番禺华南碧桂园迎宾路华南碧桂园翠山蓝天(别墅),113.34626133403346,22.999369859515767,98842,2560,259,6,12,南北,18
563,南沙万顷沙万悦二街1号中国铁建海悦国际,113.54724605557028,22.70918262310631,17266,172,99.62,3,7,南北,4
564,南沙进港大道南沙街阳光城熙然府,113.53800276253683,22.805654050436054,19530,240,122.89,4,8,南北,6
565,花都狮岭山前旅游大道南航碧花园(别墅),113.18441014600702,23.486807142473893,10097,210,208,4,9,南,16
566,越秀解放北桂花路1-2号桂花岗小区,113.25807904813666,23.15190443200266,30283,180,59.44,2,4,南北,34
567,从化温泉温泉西路22号侨宏花园(公寓住宅),113.63395695238391,23.640497607509744,6963,55,79,2,5,东北,12
568,白云同和同泰路松园山庄,113.30717641628682,23.216624060045984,42057,900,214,7,15,南北,19
569,"从化街口中心区御景路3号,御景路6号雅居乐滨江花园",113.58800611688609,23.537485952858976,16439,240,146,4,8,南北,12
570,番禺星河湾沿江东路星河湾6号园,113.340627787693,23.02921197667166,52000,1300,250,7,15,南北,13
571,番禺星河湾沙溪大道381号珊瑚湾畔(别墅),113.34269649408394,23.03709137863881,116884,4500,385,6,14,南北,20
572,花都山前大道山前大道民航芙蓉山庄,113.21783464344196,23.506169917098003,15556,560,360,7,14,南北,9
573,广州周边佛山融和路16号京华广场,113.37465918417078,23.20331019816219,7642,36,47.11,3,7,南北,5
574,番禺万博南大路168号华南新城碧波居,113.34369585228151,23.027922476791115,28823,230,79.8,2,5,北,13
575,白云同和倚绿北街倚绿山庄,113.31724611239765,23.202535738625897,24000,120,50,2,4,西北,24
576,花都新区兰花路路劲隽悦豪庭,113.20760124324316,23.39383834888271,21920,428,195.26,4,8,南北,12
577,增城石滩增滩路碧桂园豪园,113.81870939057538,23.217486707502452,11539,160,138.67,4,8,南北,6
578,白云同和华南快速路颐和高尔夫庄园,113.32958482273408,23.151503850377054,63462,1650,260,7,14,南北,14
579,越秀北京路仓前直街仓前直街小区,113.26579251394317,23.119681558185246,33000,132,40,2,5,南北,4
580,天河汇景新城汇景南路汇景新城棕榈园,113.36008503545725,23.15182618922579,78682,1270,161.41,4,7,南,22
581,花都旧区商业大道98号商业大道98号住宅,113.21941429130251,23.384897272170882,9213,49,53.19,2,5,南北,26
582,广州周边佛山季华东路丽日广场,113.25087934183136,23.119646517353,6065,27,44.52,3,7,南,5
583,从化太平镇新广从路105国道碧桂园荔山雅筑,113.56185820898942,23.504857091231436,9217,125,135.62,4,8,南北,10
584,从化街口中心区大江路大江路小区,113.59611801469948,23.54879669639569,7724,100,129.48,4,8,南,34
585,增城凤凰城凤凰城大道碧桂园凤凰城凤馨苑,113.59312562466965,23.142691191827804,15071,150,99.53,3,6,南,15
586,白云太和北太路敏捷科创中心,113.32794727581114,23.298622263710342,10870,50,46,2,6,东南,4
587,番禺大石105国道敏捷御峰国际,113.30025308354287,23.005602983377393,10310,50,48.5,1,3,南,5
588,天河珠江新城中冼村路2号南雅中和,113.32329960934662,23.117825821271012,141539,5000,353.26,5,11,南北,14
589,番禺华南碧桂园迎宾路华南碧桂园怡翠苑,113.34635322716505,22.99961967560521,94388,1850,196,4,10,南北,22
590,增城荔城民乐路18号汇港豪庭,113.81658520315874,23.28025529737405,11846,168,141.83,3,7,东西,19
591,越秀二沙岛松涛街花城苑(越秀),113.30175135207465,23.11380849652005,123334,1850,150,3,7,南北,26
592,番禺番禺广场傍雁路东湖洲花园B区,113.412156934958,22.93186129261603,33888,650,191.81,4,10,南北,8
593,荔湾陈家祠中山七路200号隆庆社区,113.24347045649053,23.130323582655883,29167,105,36,2,5,南北,24
594,花都铁路西商贸路7号双赢如家公寓,113.18968090180535,23.381754123260702,11308,66,58.37,2,5,南,11
595,增城荔城中区增城大道292号逸翠庄园(别墅),113.76709236601495,23.285809348927355,23108,580,251,4,9,南,2
596,花都新区建设北路192号保利翡翠山,113.20404113979262,23.412244411260037,10385,50,48.15,2,5,东,7
597,增城石滩立新路56号石滩第一城,113.78748275094267,23.17410613908636,7276,103,141.58,3,8,东南,13
598,花都狮岭度假村专用道北36号班芙小镇,113.2177303445877,23.48235262358986,8661,105,121.24,4,8,南北,4
599,增城荔城百花路1号力源豪苑(别墅),113.79286350392537,23.29767449289882,22337,650,291,5,12,东南,19
600,从化街口中心区广从北路雅居乐小院流溪,113.56010935005692,23.517065276790834,13021,218,167.43,4,9,南北,9
601,番禺金山谷东艺路130号招商金山谷尚层,113.34096074536791,22.979820716175823,33051,700,211.8,4,9,南北,6
602,增城荔城增江经三路金时花园南区,113.85049802351327,23.276068689071828,9362,93,99.34,3,7,南,7
603,越秀海珠广场侨光路10-12号万艺国际精品广场,113.26189667105452,23.11898853093134,28401,57,20.07,2,6,南,6
604,海珠工业大道北同福西路40号天誉半岛花园,113.24355790638069,23.104511765169555,72620,2539,349.63,5,12,南,14
605,番禺南站石洲中路138号奥园越时代大厦,113.27027273102196,22.9979392961891,15372,55,35.78,3,7,南,6
606,南沙金洲金沙路阳光城丽景湾,113.53864294210145,22.822003544961543,14761,290,196.47,5,10,南北,8
607,增城新塘荔新大道中海联智汇城(商住楼),113.63685238350823,23.16055919021427,11761,34,28.91,1,3,南,8
608,花都镜湖大道清塘路97号广州国际空港中心,113.2553611482847,23.370606668414645,10527,40,38,1,3,西,5
609,天河车陂车陂北街富力万科云启(商住楼),113.3926635174893,23.13281465895088,28380,59,20.79,1,3,东南,18
610,海珠广州大道南广州大道南1028号万达广场(海珠),113.30865395688097,23.086075077108156,20000,50,25,2,6,东南,7
611,番禺华南碧桂园迎宾路华南碧桂园景翠苑,113.34969530141133,23.00005189881908,112416,4500,400.3,6,14,南,22
612,从化街口中心区宣星运动谷景业荔都,113.63736514227573,23.608268661177842,6805,95,139.61,4,8,南北,7
613,荔湾花地湾浣花路79号敏捷朗悦公馆,113.22637985364409,23.085260271454395,21200,53,25,2,5,东南,9
614,增城朱村朱宁路仁安花园,113.69374985066975,23.273683902873103,9400,79.5,84.58,3,6,南,7
615,天河棠下涌东路3-7号善庆邨,113.37236775971246,23.130936676821484,16997,51,30,3,7,南北,7
616,荔湾滘口芳村大道西392号龙湾广场,113.2005772938144,23.120298644626907,18016,103.3,57.34,3,7,南,9
617,海珠广州大道南叠景路249号合生广场,113.30859307241383,23.08864058378962,18495,86,46.5,2,5,东南,8
618,越秀东风东海珠南路276-296号濠畔商厦,113.25100332999715,23.119182628542777,12112,53,43.76,2,6,南,11
619,天河棠下棠下北社大街6号阳光大厦,113.37678217826979,23.13311456336466,20000,60,30,3,6,南,10
620,荔湾西村西湾路149号越秀财富公馆,113.23584155526629,23.153301372213463,13637,60,44,2,6,南,8
621,番禺市桥桥南路53-106号绣品小区,113.3525992773571,22.917065698078353,9226,50,54.2,3,6,南,8
622,海珠琶洲西区新港东路151号致远小区,113.33566285880136,23.102420711016222,21429,60,28,2,6,南北,8
623,天河天河公园金兴一街45号紫藤阁,113.35400553144589,23.127573258932532,17858,50,28,2,5,东南,9
624,越秀北京路中山五路70号捷登都会,113.26067135759492,23.128701810809364,22600,56.5,25,2,6,东南,6
625,海珠工业大道南石岗路绿地滨江汇,113.26757512975566,23.06762408698156,15776,59,37.4,2,5,南北,8
626,海珠江南西前进路江南荟,113.26202295633557,23.113442933108903,20000,60,30,2,4,南北,8
627,海珠滨江东广州大道南448号财智大厦,113.32394499602967,23.212773075979623,19231,50,26,2,5,南北,6
628,白云金沙洲环洲二路82-86号金沙大都汇,113.20475363886968,23.152602003735627,19309,93.8,48.58,1,4,南,9
629,海珠昌岗昌岗中路94-98号橡胶新村,113.26224928470275,23.08767533405067,23914,55,23,2,6,南北,6
630,越秀环市东环市东路370-372号正佳东方国际,113.28242160242641,23.138241315307777,16667,50,30,2,5,南北,9
631,番禺南站汉溪大道敏捷时空壹号,113.34774452057935,23.012473633044756,17025,50,29.37,2,5,南北,5
632,番禺万博万惠一路70号广晟万博城,113.34448230050266,23.00717054663582,21277,50,23.5,2,5,南,8
633,黄埔大沙地丰乐北路中鼎名汇,113.44836990221637,23.11008890915117,16251,56,34.46,2,5,南,6
634,天河棠下健明四路天健汇,113.39039193613215,23.14110270129973,26962,98.6,36.57,1,3,南,6
635,番禺万博捷顺路9号敏捷上城国际,113.34599210738062,23.003611777173724,14858,52,35,2,5,南,8
636,海珠南洲南洲路13号南洲名苑,113.29047858403624,23.069106705228542,37879,375,99,3,7,南,21
637,番禺广州雅居乐兴南大道398号广州雅居乐花园十年小雅,113.3437492633528,23.016982714482445,32848,320,97.42,3,6,南,13
638,天河天河公园东方三路3-7号华建小区,113.35184744431476,23.12971382063212,43469,399,91.79,3,7,南北,23
639,天河天河公园建中路7号广海花园,113.36785982390516,23.12980171780108,39561,360,91,3,7,南,26
640,天河天河北龙口西路373号金鼎大厦,113.33066356520672,23.147404535883496,44435,400,90.02,3,6,南,24
641,白云京溪中成路广州白天鹅花园,113.33296201096431,23.18898718535574,38508,355,92.19,3,7,东北,19
642,天河岗顶天河东路96-3号德欣小区,113.32941892169048,23.133933693765687,45455,400,88,3,6,南北,27
643,白云嘉禾望岗百顺北路49-73号新世界锦云峰,113.29219117519094,23.239231534404226,39746,375,94.35,3,7,南北,11
644,天河沙河水荫四横路32号-45号省文化厅大院,113.30528412268163,23.148352532480793,39813,340,85.4,3,5,南北,29
645,海珠滨江东海联路10号银珠苑(海珠),113.28022212172978,23.104036438156783,39286,385,98,3,6,南北,24
646,海珠新港西侨雅新街18号侨雅苑(海珠),113.30446237850208,23.10245977471174,37233,345,92.66,3,6,南北,25
647,天河天河公园黄埔大道中144号海景中心,113.34955297411473,23.12670045642481,44706,380,85,3,6,南,21
648,海珠赤岗赤岗路金丰花园,113.32249465855882,23.09034775764802,40712,350,85.97,3,5,南北,20
649,天河龙洞天源路保利林海山庄,113.35354873369613,23.192473411313298,43062,400,92.89,3,6,南北,16
650,天河天河公园华翠街13-41号穗东花园,113.36348902210231,23.127142647362298,41380,360,87,3,6,南北,27
651,天河体育中心广州大道中980号省政府宿舍,113.26104838365842,23.135633789399385,40000,368,92,3,6,南北,26
652,海珠工业大道南工业大道南821号第二金碧花园,113.27816844496678,23.07383060107074,39729,328,82.56,3,6,东南,20
653,天河燕塘粤垦路614-624号金燕花苑,113.32388419420843,23.160368255527576,38097,365,95.81,3,6,南北,22
654,海珠江燕路顺意一街288号富力顺意花园,113.26869100185078,23.078695309709584,39984,385,96.29,3,6,南北,18
655,天河沙太南兴华路1号新光天河峰景,113.31677350590675,23.160416220554346,41879,355,84.77,3,6,东北,16
656,海珠滨江东怡海路28号海景阁,113.28470371848765,23.106353065990103,41858,348,83.14,3,6,南,25
657,天河粤垦粤垦路侨源山庄,113.32505583657749,23.156396831294085,38555,320,83,3,6,南,22
658,白云白云大道北黄边北路151号时代玫瑰园,113.28134255185695,23.227038878298803,33510,298,88.93,3,6,南北,20
659,海珠东晓南东晓南路1423号芳草轩,113.29376185864578,23.07006225976617,43968,410,93.25,3,6,南北,19
660,天河龙洞天源路1111号育龙居,113.35745934535642,23.19144746511869,37772,360,95.31,3,7,西南,25
661,白云白云大道北百顺南路岭南新世界映悦园,113.29742193397455,23.23690721992249,37007,360,97.28,3,7,南北,11
662,黄埔科学城萝塱路59号奥园香雪公馆,113.49332904975412,23.177956316679783,39237,370,94.3,3,7,南北,9
663,海珠江南西青竹大街青竹大街小区,113.26552287923725,23.096547526882976,39931,320,80.14,3,5,南北,25
664,白云京溪京溪路46号恒骏花园,113.31958452463431,23.185130741898917,42709,410,96,3,5,东,22
665,天河员村员村二横路员村二横路11号大院,113.35745458728921,23.120914869280877,38555,320,83,3,6,南,29
666,天河体育西路天河直街91号天河直街小区,113.3128340686233,23.138791028495557,43011,400,93,3,6,南北,26
667,海珠南洲南洲北路尚东峰景,113.29794004956092,23.07433782771486,46042,385,83.62,3,6,南,16
668,天河员村员村西街1号诚居花园,113.35235175222874,23.1225424092654,39179,330,84.23,3,6,南,28
669,天河天河客运站元岗路337号南兴花园,113.33337124768205,23.18111003838522,37648,320,85,3,6,南北,19
670,越秀农讲所仓边路32号仓边路小区,113.26614377387682,23.131802052797397,44632,360,80.66,3,5,南北,31
671,番禺万博锦绣路138号锦绣香江紫荆园,113.34039039393102,23.001102049847464,38843,369,95,3,6,东南,21
672,番禺万博锦绣路138号华南干线迎宾路段锦绣香江紫荆雅园,113.3405455199657,23.00148976107758,40642,388,95.47,2,6,南,21
673,天河岗顶陶育路新陶苑,113.33834878252118,23.13142544486406,48914,450,92,3,6,东南,29
674,天河岗顶石牌东路137号广信银兰苑,113.33799843944753,23.133292565912058,42858,360,84,3,6,南,27
675,天河长兴长兴路129号天鹅花苑,113.3456299556844,23.171797342146636,36560,340,93,3,5,南,14
676,海珠滨江东滨江东路500号滨江东500号大院,113.28316732396246,23.107884131789568,49383,400,81,3,5,南北,24
677,荔湾站前路流花路45号流花华侨新村,113.24382205512211,23.141070632104515,36957,340,92,3,6,南北,34
678,海珠江南西江泰路富荣新村,113.27752043340672,23.08618863429422,36667,308,84,3,6,南北,26
679,天河长兴美景街18号乐意居花苑,113.35055245809787,23.171237365049375,41177,350,85,3,6,南,22
680,天河五山长福路185-192号新闻出版社大院,113.34190340997456,23.167725324464442,39212,338,86.2,3,6,南,4
681,天河天河公园华景路8-12号建宇轩,113.35291159209854,23.138727359583758,44398,380,85.59,3,7,东北,26
682,越秀小北环市中路300号天秀大厦,113.26893760267366,23.141908332521695,39883,339,85,3,6,南北,26
683,天河天河北龙口西路361号金润大厦,113.33062674233636,23.1465848958466,56361,498,88.36,3,6,南北,11
684,番禺广州雅居乐兴南大道398号广州雅居乐花园一尺山居,113.35401194482067,23.010693406862615,37870,369,97.44,3,6,南,13
685,海珠前进路前进路26-36号前进路26-36号,113.26680448880552,23.106092190556286,40000,328,82,3,7,南北,28
686,越秀五羊新城寺右二马路16-18号愉景大厦,113.30483976577422,23.1205157574854,34135,335,98.14,3,6,南北,26
687,白云白云大道北黄边北路120-340号云山诗意人家,113.28705117714665,23.222635209474458,40978,389,94.93,3,6,南北,16
688,越秀东山口东华东街菜园东小区,113.28564086272071,23.12575536575487,47753,425,89,3,5,西南,32
689,白云京溪云桦街云景花园云桦苑,113.32590013547245,23.18695465638269,44005,378,85.9,3,6,东北,24
690,天河沙太南沙太南路316号橡树园,113.32294996938218,23.171330297663673,36194,305,84.27,3,6,东南,17
691,天河粤垦燕岭路金建苑,113.32530938895594,23.16308980167699,36364,320,88,3,5,南北,25
692,天河员村黄埔大道中187-1号东成花苑,113.35363519437,23.126936047788487,43087,349,81,3,6,南北,24
693,海珠赤岗聚德路13-15号聚德花苑,113.32499561316324,23.086841682279907,38818,315,81.15,3,5,南北,17
694,天河沙河先烈东横路36号先烈东横路36号大院,113.29945961104889,23.153681481823,36364,320,88,2,5,南,23
695,天河体育中心黄埔大道西55号恒城大厦,113.31402366749623,23.13100768221837,41685,393,94.28,3,5,南北,19
696,天河员村百合路33号员村公安宿舍,113.3670726828707,23.119187653360733,44223,398,90,3,6,南北,24
697,天河东圃中山大道中238号南国嘉园苹果城,113.39644266422054,23.125505510780087,44158,393,89,3,6,南,15
698,海珠赤岗赤岗东路203号华怡花园,113.32516827951764,23.095491399871783,43210,350,81,3,5,南北,26
699,荔湾荔湾路荔湾路119号维雅苑,113.23833275386939,23.13267357959341,40145,388,96.65,3,7,南,21
700,黄埔科学城开创大道北万科新里程,113.4369380378222,23.173455424200434,37778,340,90,3,6,南,12
701,海珠江南西江南西路98号江南西小区,113.26307095679722,23.096547177224796,36112,325,90,3,6,南北,28
702,番禺广州雅居乐兴南大道雅居乐剑桥郡佰利山,113.40158467234478,22.939688550267928,36795,360,97.84,3,6,南,11
703,海珠赤岗敦和路298号德盛苑,113.31430789675417,23.0893309329866,36289,316,87.08,3,7,南北,23
704,天河五山五山路381号华南理工大学凤凰新村小区,113.34475510087766,23.15257661418931,50529,430,85.1,3,5,南北,34
705,天河天河北天河东路218-268号德荣小区,113.32789145713953,23.142069929761014,47917,460,96,3,7,南北,22
706,越秀北京路泰康路111号泰康城文化广场,113.26235635084987,23.119569013963886,41721,388,93,3,7,南北,9
707,海珠江南西青柳大街2号青柳大街小区,113.2639353565691,23.095771658696794,39025,320,82,3,6,北,34
708,海珠赤岗新港中路354号珠影小区,113.3152178529197,23.09835333261837,43374,360,83,3,5,南,25
709,黄埔科学城永顺大道金融街融穗御府,113.50107319779588,23.21575802368737,34288,290,84.58,3,6,南,8
710,黄埔萝岗荔翠街凯得文化广场,113.45232256465025,23.17532467903395,36905,350,94.84,3,6,南北,8
711,天河员村黄埔大道中168号建设局宿舍(黄埔大道中),113.3168457217007,23.14905540531789,46302,380,82.07,3,6,东,24
712,荔湾荔湾路中山八路12号东浚荔景苑,113.23496732238179,23.129157825266795,38736,370,95.52,3,7,西南,24
713,天河龙洞品翠街30号世纪绿洲,113.36147942968115,23.192803521388555,46512,400,86,3,6,南北,21
714,天河体育西路黄埔大道西201号金泽大厦,113.32320591318665,23.13039750813842,37038,360,97.2,3,5,南,12
715,番禺广州雅居乐观景路广州雅居乐花园新地,113.36427021164222,23.011989548611318,35994,350,97.24,3,6,南北,14
716,越秀水荫路水荫直街西6巷23号福莱花园,113.30317149971968,23.141574756010403,41053,390,95,3,7,南北,28
717,越秀黄花岗先烈中路81号科苑社区,113.29283258062438,23.14265925227585,44680,388,86.84,3,6,东北,28
718,番禺番禺广场盛泰路融穗澜湾,113.37701257715786,22.929280792002398,43909,404,92.01,3,7,南,8
719,天河天河北龙口西路龙口花苑,113.32970077979863,23.142685239253147,52767,495,93.81,3,7,南,24
720,越秀水荫路水荫路45号水荫路45号大院,113.3060404556803,23.14139505412714,47375,379,80,3,6,南北,34
721,荔湾中山八路逢源路108号宝盛新家园,113.23450656930295,23.123016055694826,42749,400,93.57,3,6,东,13
722,荔湾龙溪龙溪中路中国铁建荔湾国际城,113.2118536544202,23.081208717627405,37814,366,96.79,3,6,东南,10
723,黄埔文冲黄埔东路黄埔雅苑,113.45562692410299,23.104482279797473,36471,346,94.87,3,6,南,21
724,海珠工业大道南工业大道997号金玫瑰苑,113.28734768788745,23.068913436334416,32039,330,103,3,6,南北,22
725,黄埔文冲大沙地东599号万科城市花园,113.46166313991787,23.109521928199936,39041,350,89.65,3,6,南北,17
726,白云同德围子嘉街2号邦华翠悦湾,113.22401129090898,23.158703765209967,37302,350,93.83,3,6,北,9
727,荔湾文昌南路文昌南路72-88号骏业阁,113.23936936102407,23.11857920574059,36667,330,90,3,6,南,19
728,白云白云大道北百顺南路210号集贤苑,113.29281458107678,23.236874115591917,38177,360,94.3,3,6,南北,25
729,天河长兴长兴路342-472号建丽花园,113.35303453651348,23.169644764509755,38637,340,88,3,6,南北,19
730,天河龙洞荟龙路10号瑜翠园,113.35971103536549,23.212688312457928,31855,285,89.47,3,6,南北,16
731,黄埔大沙地黄埔东路怡园小区(黄埔),113.44524974434465,23.104624506630756,38200,320,83.77,3,6,南,29
732,海珠滨江东东晓路375-381号茶厂宿舍,113.28024968674814,23.108792314221194,38620,358,92.7,4,8,南北,36
733,荔湾西关光复中路288号光复大厦,113.24664336378902,23.120672488684026,39929,335,83.9,3,6,南北,24
734,白云罗冲围增槎路43号富力半岛花园,113.2216745021939,23.144890501377727,38495,358,93,3,7,东南,24
735,黄埔大沙地大沙地东路万科金色悦府,113.45906632638916,23.110932892572396,36925,305,82.6,3,6,南北,9
736,越秀北京路文明路仁康里,113.26762832830627,23.125596093331286,38804,380,97.93,3,6,北,24
737,海珠南洲南洲北路明都华庭,113.29723425980282,23.074285360445042,41231,390,94.59,3,6,东,18
738,海珠南洲盈丰路中山二院宿舍,113.2930391767272,23.072276743247098,41277,388,94,3,6,东,24
739,天河天河公园中山大道西238号勤天E品上馆,113.36849927789923,23.130144734649956,39233,360,91.76,4,8,南北,17
740,白云京溪京溪路53号广信春兰花园,113.32128179575656,23.186912214247933,36402,335,92.03,3,6,东北,27
741,黄埔大沙地丰乐南路438号黄埔花园,113.45244065093999,23.10187313689142,39920,378,94.69,3,6,南北,16
742,天河体育西路广州大道中长大公路宿舍,113.30908591821547,23.143191838997346,53502,495,92.52,3,6,南北,19
743,番禺广州雅居乐兴南大道398号广州雅居乐花园浅山小筑,113.3634713405927,23.007322266815237,38182,325,85.12,3,6,西北,16
744,白云同和富和路2-58号云裳丽影,113.32230806484817,23.196343940857943,40130,335,83.48,2,5,南,17
745,海珠工业大道北革新路125号金沙花园(海珠),113.24915762720113,23.095110514788725,43024,370,86,3,6,东南,21
746,番禺华南碧桂园迎宾路华南碧桂园翡翠苑,113.35452045057204,22.998404106663457,39519,345,87.3,3,7,南,6
747,天河天河公园黄埔大道中103-113号华江花园,113.34934297665701,23.128064734745813,46667,420,90,3,6,南北,24
748,天河东莞庄伟逸街嘉逸花园,113.33405299705943,23.164280303011502,37920,355,93.62,3,6,东,16
749,海珠沥滘南洲路88号罗马家园,113.3179315169073,23.062543226191238,43469,400,92.02,3,6,南北,9
750,海珠滨江东东晓路海城花苑,113.2795996203609,23.10871482074011,42368,360,84.97,2,4,北,23
751,海珠东晓南东晓南路尚领时代,113.28266193865504,23.07523586586875,39792,336,84.44,2,5,南,18
752,海珠滨江东江湾路156号江湾花苑,113.27125420237358,23.11092716118784,42169,350,83,3,6,南北,25
753,番禺华南碧桂园迎宾路559-567号华南碧桂园漾翠苑,113.34820599110334,22.997906266800285,43308,385,88.9,3,6,东南,22
754,"海珠江南西杏林大街1-6,9-10,15-19号杏林小区",113.2601751270328,23.10067033715452,43750,385,88,3,6,南,29
755,黄埔大沙地丰乐南路28号悦涛雅苑,113.45143092174042,23.096696956988865,38098,370,97.12,3,6,东南,24
756,天河粤垦粤垦路198号广东农工商学院(教工住宅),113.32658290541744,23.159699072884827,37988,345,90.82,3,6,南北,25
757,白云京溪广州大道北云景花园云景苑,113.32320480304665,23.188475530156985,45978,400,87,3,6,东北,20
758,天河长兴长兴路297-299号东荣翰林苑,113.35478478905304,23.170589901103934,47285,390,82.48,3,6,南,15
759,越秀广园东永福路89号永福路89号大院,113.29516815379148,23.15482107766267,36106,310,85.86,3,5,东南,32
760,番禺洛溪如意一马路洛涛南区,113.29944633460678,23.043336285557853,38149,338,88.6,3,5,南北,27
761,荔湾长寿路下九路63号名汇大厦,113.24213776947154,23.11760007321027,37500,330,88,3,5,南北,24
762,越秀农讲所仰星横街4-6号仰星横街小区,113.32520650436781,23.131864215325066,38555,320,83,3,6,南北,9
763,天河车陂合景路99号天河星作,113.39780625257933,23.157591444981662,39449,349,88.47,3,7,南北,5
764,白云梅花园京溪中路梅苑小区,113.31637772862688,23.179983539203743,38597,330,85.5,3,6,南,26
765,越秀东川白云路46-50号辉煌大厦,113.27980500258208,23.12173018073769,43299,420,97,3,7,南北,24
766,天河粤垦粤垦路124号福龙苑,113.32793095312093,23.157163375296747,38634,320,82.83,2,4,南北,21
767,黄埔科学城开创大道越秀岭南山畔,113.446159394002,23.180434310069153,41707,350,83.92,2,5,南北,11
768,天河天河公园景邮路12号华景里理想地公寓,113.35842716389386,23.141485222218478,37861,320,84.52,3,7,南北,10
769,天河长兴长兴路363号广州有色金属研究院,113.35654387517508,23.170288356794284,43479,400,92,3,6,南,29
770,海珠滨江东东沙街27号仲恺农学院教工宿舍,113.27471929920561,23.11177537986866,49237,400,81.24,3,6,南,24
771,荔湾西关沙面大街沙面大街社区,113.23963757894893,23.109837030737676,43989,390,88.66,3,7,南北,19
772,天河天河北天河东路170-174号电视台小区(天河),113.32948052313392,23.13721483590125,44706,380,85,4,6,南,26
773,黄埔大沙地丰乐北路128号中鼎君和名城,113.44836990221637,23.11008890915117,39292,355,90.35,3,6,南北,8
774,天河天河北合晖街192-198号祥兴大厦,113.32881538345772,23.146259571611004,48193,380,78.85,3,6,北,24
775,白云新市西苑路保利紫云,113.246217415133,23.192291756967183,38024,327,86,3,6,南北,6
776,黄埔大沙地丰乐南路88号金逸雅居,113.45083598111546,23.098398768312464,38334,368,96,3,6,南北,18
777,越秀建设华乐路青菜东社区,113.28296632519086,23.135705028199705,39176,380,97,3,7,南北,29
778,海珠江南西杏园大街杏园小区,113.26156603741309,23.098560001231263,46000,368,80,3,6,南,29
779,番禺大石南大路敏捷四季花园,113.31209075373722,23.017980726286908,37270,350,93.91,3,5,南,8
780,黄埔科学城开萝大道奥园香雪华府,113.49153307164336,23.17757578948986,44614,393,88.09,3,6,南北,5
781,白云白云大道南金信路1号广信金兰花园,113.26749104639747,23.180588038525016,34832,310,89,3,7,南北,26
782,天河粤垦侨源大街12号金晖花苑,113.32598823972361,23.157394454331904,38765,345,89,3,6,南,26
783,白云白云大道北白云大道北万科云山,113.30468249233196,23.247943462293783,35876,310,86.41,3,6,南北,12
784,天河龙洞宝翠路4号宝翠园,113.3567099553286,23.194182162610073,51803,500,96.52,3,6,东,11
785,越秀水荫路水荫直街水荫直街小区,113.30347035725869,23.140050929501186,41053,390,95,3,6,南,26
786,天河五山科华街511号半山雍景苑,113.35789544969255,23.146718980066172,45228,398,88,3,6,南,15
787,越秀越秀南越秀南路越秀南社区,113.27348826304488,23.121424480777247,44898,440,98,3,6,南,31
788,荔湾坑口东漖南路保利西悦湾,113.21793035421086,23.081340690625566,42080,378,89.83,3,6,南北,6
789,番禺桥南福景路时代柏林,113.35211428447954,22.922512353260544,39039,385,98.62,3,7,南,12
790,天河天河公园中山大道枫叶路10号棠雅苑,113.3623370046872,23.137094783699858,41485,390,94.01,3,6,南,26
791,"白云白云万达白云大道,近金钟横路景富明珠",113.26593083902284,23.171799752198197,39098,350,89.52,3,6,南北,28
792,海珠工业大道南工业大道中381号保利百合花园,113.27233497227827,23.075987905499513,44898,440,98,3,7,南北,20
793,越秀农讲所豪贤路85-178号豪贤路小区,113.27028113694819,23.132239621394813,38211,363,95,3,6,南北,24
794,白云石井石沙公路越秀天悦云湖,113.21464661838044,23.226115689589076,36782,320,87,3,7,东南,4
795,荔湾中山八路龙津西路313号富力广场T区,113.23435320596091,23.12720133972393,46240,375,81.1,2,4,西南,20
796,天河燕塘燕岭路28号新燕花园,113.32288029524875,23.16559266993314,44820,420,93.71,3,6,南,20
797,白云京溪京溪路70号圣地天河星荟,113.32197260707335,23.185122465607954,39946,325,81.36,2,5,南,13
798,"黄埔鱼珠茅岗路,近坑田路五矿招商鹭山府",113.4312917088896,23.108692333855604,35132,310,88.24,3,6,南,5
799,天河天河北天河北路715号东方之珠花园,113.33875679986429,23.144476224082865,48638,480,98.69,3,6,南北,18
800,荔湾中山八路中山八路20号富力广场(B区D区),113.2313140245094,23.12713626674992,43319,389,89.8,3,7,南北,19
801,天河天河公园东方三路200号新世界东逸花园,113.35434913625093,23.130840404670334,71262,610,85.6,2,5,北,22
802,天河天河北沾益直街87-113号沾益直街小区,113.32542263597495,23.150298209512574,50976,418,82,3,6,南北,26
803,越秀淘金淘金北路7-53号淘金北小区,113.2833047323768,23.145605212632653,39750,318,80,2,5,南北,31
804,海珠滨江东江湾路20-108号椰诚苑,113.27269181556076,23.112355597969312,43828,360,82.14,2,5,南北,24
805,天河岗顶石牌东路46号锦华轩,113.33852228583243,23.137712076295696,39773,350,88,2,5,南,27
806,白云白云大道南金信路隆康花园,113.26883762330809,23.17978681936119,43163,375,86.88,3,6,东北,24
807,天河岗顶石牌东路4号冠军小区,113.33728703097438,23.137365808604127,43530,370,85,2,5,南,26
808,天河龙口东龙口东路346-350号天诚广场,113.3355026389998,23.14530585830148,56831,530,93.26,3,6,南北,20
809,白云新市齐富路元邦花苑,113.26783941253841,23.195806992579467,36087,332,92,3,6,南,24
810,天河龙口东天河东路228号天康阁,113.32867807131706,23.139731122325504,44743,420,93.87,3,6,南北,25
811,天河天河北五山路141号尚德大厦,113.33876368298925,23.142299304631276,45931,395,86,2,5,东南,16
812,天河体育西路六运五街六运五街小区,113.32388281047194,23.133026020324166,59375,475,80,3,6,南北,24
813,天河沙河先烈东横路48号星海音乐学院宿舍,113.29864977537392,23.152387829718702,42707,385,90.15,3,5,南,33
814,天河粤垦粤垦路88号农垦总局大院,113.32908753301504,23.156811365395164,39678,320,80.65,3,6,南北,23
815,天河龙洞绿洲街38号君林天下,113.36048150823304,23.191531762930666,43265,370,85.52,2,5,南,16
816,黄埔黄埔港荔香路天伦东时区,113.43960891047429,23.09960070755723,42697,380,89,3,6,东南,14
817,越秀北京路起义路10-40号起义路10-40号小区,113.281966826195,23.143402937168833,39778,358,90,3,8,南北,9
818,荔湾滘口芳信街7号新世界逸彩庭园,113.20135839580782,23.11406277166633,35450,330,93.09,3,5,南,21
819,天河岗顶新陶大街君紫花园,113.33970174743837,23.130144233345554,56893,520,91.4,3,6,南,27
820,天河天河北天河东路天河东路小区,113.32931512174817,23.138248982712298,44348,408,92,3,6,南北,30
821,越秀淘金淘金路淘金路小区,113.28143259771254,23.143025748515328,52706,338,64.13,3,5,西南,26
822,荔湾陈家祠康王北路荔康大厦,113.24244346506426,23.1309768223087,45455,400,88,3,6,西南,16
823,荔湾西关逢源路116-126号宝盛园,113.23410929818378,23.12380438638738,51497,418,81.17,2,5,东,19
824,白云南湖同泰路白云颐和山庄,113.30898910224666,23.22076774515871,33125,318,96,3,7,东西,23
825,天河东圃盈溪路盈彩美居,113.41273861795453,23.11694210795407,51021,500,98,3,6,南,17
826,白云金沙洲汇达街1号越秀星汇金沙(二期),113.18868174094393,23.158526092455567,32451,310,95.53,3,7,南,10
827,越秀东山口龟岗二马路龟岗二马路小区,113.28892581212797,23.123142762116803,50145,450,89.74,3,7,东南,28
828,"海珠沙园宝业路,近宝岗大道江南花园三期",113.26148228308071,23.095029884653826,44577,436,97.81,3,5,南北,24
829,天河员村黄埔大道中195号紫林居,113.35456572847771,23.126624795700774,49229,418,84.91,3,6,南,21
830,白云新市汇侨南路纵横缤城花园,113.24775745898623,23.198027412832474,35079,337,96.07,3,7,南,4
831,越秀中山路中山一路21-23号天兴大厦,113.30614753648388,23.131540611239643,48069,438,91.12,3,6,东南,20
832,天河天河公园华景路53-55号绿茵居,113.35276774818102,23.14098655544496,51087,470,92,3,6,南北,29
833,越秀东川白云路89号嘉骏苑,113.27836223680083,23.122277347340063,42134,350,83.07,2,4,东西,22
834,荔湾广钢新城鹤洞路157号葛洲坝保利曼城,113.24040014563322,23.0742641760838,43424,380,87.51,3,6,南,6
835,天河五山五山路381号华南理工大学教工宿舍,113.33995313569073,23.155609537939096,57648,490,85,3,6,南北,24
836,天河员村员村西街20-50号穗乐花园,113.35576507319249,23.122801576752757,36340,305,83.93,2,5,南北,27
837,越秀淘金永泰路10-16号永泰路小区,113.28574159825394,23.143869673465403,40094,310,77.32,3,6,南北,31
